-- -- SELECT * FROM INP_USER ;
-- -- SELECT * FROM INP_USER_BANKBOOK ;
-- -- SELECT * FROM INP_HOUSE ;
-- -- SELECT * FROM INP_HOUSE_MEMBER ;
-- -- SELECT * FROM INP_HOUSE_MEMBER_RELATION ;
-- -- SELECT * FROM INP_HOUSE_MEMBER_PROPERTY ;
-- -- SELECT * FROM INP_HOUSE_MEMBER_CHUNGYAK ;
-- -- SELECT * FROM INP_HOUSE_MEMBER_CHUNGYAK_RESTRICTION ;
-- -- SELECT * FROM APT_INFO ;
-- -- SELECT * FROM APT_INFO_AMOUNT ;
-- -- SELECT * FROM APT_INFO_RECEIPT ;
-- -- SELECT * FROM APT_INFO_TARGET ;
-- -- SELECT * FROM APT_INFO_TARGET_SPECIAL ;
-- -- SELECT * FROM STD_BANKBOOK ;
-- -- SELECT * FROM STD_MONTHLY_AVERAGE_INCOME ;
-- -- SELECT * FROM STD_PRIORITY_DEPOSIT ;
-- -- SELECT * FROM STD_PRIORITY_NUMEBER_PAYMENTS ;
-- -- SELECT * FROM STD_PRIORITY_SUBSCRIPTION_PERIOD ;
-- -- SELECT * FROM STD_PROPERTY ;
-- -- SELECT * FROM USER_AUTHORITY ;
-- -- SELECT * FROM STD_ADDRESS_LEVEL1 ;
-- -- SELECT * FROM STD_ADDRESS_LEVEL2 ;
--
insert into APT_INFO (NOTIFICATION_NUMBER_ID, ADDRESS_LEVEL1, ADDRESS_LEVEL2, ANNOUNCEMENT_DATE, ATROPHY_AREA, CONSTRUCTION_COMPANY, CONTRACT_END_DATE, CONTRACT_START_DATE, DETAIL_ADDRESS, HOUSE_NAME, HOUSING_TYPE, LARGE_DEVELOPMENTZONE, MAINTENANCE_WORK, PRIVATE_IN_METROPOLITAN, PUBLIC_HOSING_DISTRICT, PUBLIC_RENTAL_HOUSING, SALE_PRICE_LIMIT, SCHEDULED_OCCUPANCY, SPECIAL_ACT_PUBLIC_HOUSING, SPECULATION_OVERHEATED, SUBSCRIPTION_OVERHEATED, WINNER_ANNOUNCEMENT_DATE)
values  (2021000343, '충남', '아산시', '2021-08-10', 'n', '(주)이지아산산업', '2021-09-12', '2021-08-31', '충청남도 아산시 둔포면 석곡리 1822(아산 테크노밸리 Ab5블록)', '아산 테크노밸리 6차 이지더원', '민영', 'n', 'n', null, 'n', 'n', 'y', '2023-09', 'n', 'n', 'n', '2021-09-15'),
        (2021000463, '대구', '중구', '2021-09-03', 'n', '(주)하나자산신탁', '2021-10-08', '2021-09-27', '대구광역시 중구 공평로20길 37-15(동인동1가)', '힐스테이트 동인', '민영', 'n', 'n', null, 'n', 'n', 'n', '2025-05', 'n', 'n', 'y', '2021-10-12'),
        (2021000516, '서울', '강동구', '2021-09-10', 'n', '(주)고덕강일10피에프브이', '2021-10-25', '2021-10-06', '서울특별시 강동구 상일동 554-38 일원(고덕강일 공공주택지구 10블록)', 'e편한세상 강일 어반브릿지', '민영', 'y', 'n', null, 'y', 'n', 'y', '2024-02', 'n', 'y', 'y', '2021-11-03'),
        (2021000517, '충남', '아산시', '2021-08-06', 'n', '코리아신탁(주)', '2021-09-06', '2021-08-26', '충청남도 아산시 음봉면 산동리 234-2 아산 스마트밸리 C2 BL)', '아산 한라비발디 스마트밸리', '민영', 'n', 'n', null, 'n', 'n', 'y', '2024-01', 'n', 'n', 'n', '2021-09-10'),
        (2021000536, '부산', '동래구', '2021-08-13', 'n', '코리아신탁(주)', '2021-09-13', '2021-09-01', '부산광역시 동래구 아시아드대로184번길 8(사직동)', '아시아드 삼정그린코아 더시티', '민영', 'n', 'n', null, 'n', 'n', 'n', '2024-01', 'n', 'n', 'y', '2021-09-15'),
        (2021000554, '충남', '아산시', '2021-08-09', 'n', '케이비부동산신탁(주)', '2021-09-07', '2021-08-27', '충청남도 아산시 모종동 562-1 일원', '아산 모종 리슈빌 더 스카이', '민영', 'n', 'n', null, 'n', 'n', 'n', '2024-07', 'n', 'n', 'n', '2021-09-09'),
        (2021000556, '전북', '김제시', '2021-08-06', 'n', '우리자산신탁 주식회사', '2021-09-06', '2021-08-25', '전라북도 김제시 도작로 38(검산동)', '검산 이지움 라프라임', '민영', 'n', 'n', null, 'n', 'n', 'n', '2023-12', 'n', 'n', 'n', '2021-09-08'),
        (2021000559, '경기', null, '2021-08-13', 'n', '우미건설(주),한국토지주택공사', '2021-11-08', '2021-08-31', '갈현동 일원 과천지식정보타운 공공주택지구 S-8BL', '과천지식정보타운 린 파밀리에(공공분양)', '국민', 'y', 'n', null, 'y', 'n', 'y', '2024-04', 'n', 'y', 'y', '2021-11-13'),
        (2021000561, '제주', '제주시', '2021-09-17', 'n', '(주)유림하우징', '2021-10-18', '2021-10-05', '제주특별자치도 제주시 우정로7길 25(외도일동, 해담은)', '외도 해담은 아파트', '민영', 'n', 'n', null, 'n', 'n', 'n', '2021-10', 'n', 'n', 'n', '2021-10-20'),
        (2021000563, '전남', '여수시', '2021-08-06', 'n', '케이비부동산신탁(주)', '2021-09-06', '2021-08-26', '전라남도 여수시 소호로 271(소호동)', '여수 소호동 금호어울림 오션테라스', '민영', 'n', 'n', null, 'n', 'n', 'n', '2023-05', 'n', 'n', 'y', '2021-09-08'),
        (2021000564, '전남', '나주시', '2021-09-10', 'n', '빛가람지역주택조합', '2021-10-11', '2021-09-28', '전라남도 나주시 금천면 석전리 341-55번지 일원', '빛가람 코오롱하늘채', '민영', 'n', 'n', null, 'n', 'n', 'n', '2022-10', 'n', 'n', 'n', '2021-10-13'),
        (2021000569, '인천', '계양구', '2021-08-11', 'n', '한국자산신탁(주)', '2021-09-13', '2021-09-01', '인천광역시 계양구 효성동 24-15', '계양 서해그랑블 더테라스', '민영', 'n', 'n', null, 'n', 'n', 'n', '2023-06', 'n', 'n', 'y', '2021-09-16'),
        (2021000572, '부산', '동래구', '2021-09-16', 'n', '우리자산신탁 주식회사', '2021-10-26', '2021-10-15', '부산광역시 동래구 낙민동 288-44', '낙민역 삼정그린코아 더시티', '민영', 'n', 'n', null, 'n', 'n', 'n', '2024-06', 'n', 'n', 'y', '2021-10-28'),
        (2021000578, '경기', '화성시', '2021-08-13', 'n', '우리자산신탁 주식회사', '2021-09-13', '2021-09-01', '경기도 화성시 봉담 내리지구 A2BL', '힐스테이트 봉담 프라이드시티', '민영', 'n', 'n', null, 'n', 'n', 'n', '2024-08', 'n', 'n', 'y', '2021-09-19'),
        (2021000579, '충북', '청주시', '2021-09-16', 'n', '복대2구역주택재개발정비사업조합', '2021-10-25', '2021-10-08', '충청북도 청주시 흥덕구 복대로220번길 13(복대동)', '더샵 청주센트럴', '민영', 'n', 'y', null, 'n', 'n', 'n', '2024-03', 'n', 'n', 'y', '2021-10-29'),
        (2021000580, '전남', '광양시', '2021-08-20', 'n', '우리자산신탁 주식회사', '2021-09-24', '2021-09-09', '전라남도 광양시 황금동 552-2', '더샵 광양베이센트', '민영', 'n', 'n', null, 'n', 'n', 'n', '2024-06', 'n', 'n', 'y', '2021-09-30'),
        (2021000581, '광주', '서구', '2021-08-05', 'n', '아시아신탁주식회사', '2021-09-06', '2021-08-25', '광주광역시 서구 마륵동 120-1번지 일원', '효성해링턴 플레이스 상무역', '민영', 'n', 'n', null, 'n', 'n', 'n', '2024-02', 'n', 'n', 'y', '2021-09-10'),
        (2021000582, '경기', '수원시', '2021-08-20', 'n', '주식회사 에이치피앤디', '2021-09-23', '2021-09-08', '경기도 수원시 영통구 원천동 333-1', '한화 포레나 수원원천', '민영', 'n', 'n', null, 'n', 'n', 'n', '2023-11', 'n', 'y', 'y', '2021-09-27'),
        (2021000583, '경남', '양산시', '2021-08-06', 'n', '한국자산신탁(주)', '2021-09-06', '2021-08-25', '경상남도 양산시 덕계동 1579-1번지 외 2필지', '트리마제 양산 1단지', '민영', 'n', 'n', null, 'n', 'n', 'n', '2024-08', 'n', 'n', 'n', '2021-09-09'),
        (2021000584, '경남', '양산시', '2021-08-06', 'n', '한국자산신탁(주)', '2021-09-06', '2021-08-26', '경상남도 양산시 덕계동 1580-2 외 6필지', '트리마제 양산 2단지', '민영', 'n', 'n', null, 'n', 'n', 'n', '2024-08', 'n', 'n', 'n', '2021-09-09'),
        (2021000587, '경남', '양산시', '2021-08-12', 'n', '(주)한국토지신탁', '2021-09-13', '2021-08-31', '경상남도 양산시 평산15길 20-21(평산동)', '양산 평산 코아루 에듀포레', '민영', 'n', 'n', null, 'n', 'n', 'n', '2024-01', 'n', 'n', 'n', '2021-09-15'),
        (2021000589, '인천', '연수구', '2021-08-27', 'n', '(주)서해종합건설', '2021-09-27', '2021-09-15', '인천광역시 연수구 옥련2동 118-1번지 외 1필지', 'KTX 송도역 서해그랑블', '민영', 'n', 'y', null, 'n', 'n', 'n', '2024-05', 'n', 'y', 'y', '2021-09-29'),
        (2021000591, '경기', '의정부시', '2021-08-23', 'n', '주식회사 약수', '2021-09-23', '2021-09-10', '경기도 의정부시 호국로1346번길 12(의정부동, 리버카운티)', '의정부역 리버카운티아파트', '민영', 'n', 'n', null, 'n', 'n', 'n', '2021-09', 'n', 'n', 'y', '2021-09-27'),
        (2021000596, '전남', '광양시', '2021-08-20', 'n', '중흥건설(주)', '2021-09-24', '2021-09-08', '전라남도 광양시 마동 1360번지', '광양 와우지구 A3블록 중흥S클래스', '민영', 'n', 'n', null, 'n', 'n', 'n', '2024-10', 'n', 'n', 'y', '2021-09-28'),
        (2021000600, '충남', '천안시', '2021-08-27', 'n', '우리자산신탁 주식회사', '2021-09-28', '2021-09-14', '충청남도 천안시 서북구 직산읍 삼은리 64-17', '더샵 천안레이크마크', '민영', 'n', 'n', null, 'n', 'n', 'n', '2024-03', 'n', 'n', 'n', '2021-09-30'),
        (2021000601, '서울', '강서구', '2021-08-27', 'n', '에이치밸리움', '2021-09-27', '2021-09-15', '서울특별시 강서구 공항대로 42길 11(내발산동 649-3)', '우장산 한울에이치밸리움', '민영', 'n', 'n', null, 'n', 'n', 'n', '2023-02', 'n', 'y', 'y', '2021-09-29'),
        (2021000602, '전남', '구례군', '2021-09-02', 'n', '교보자산신탁(주)', '2021-10-11', '2021-09-28', '전라남도 구례군 구례읍 봉동길 37', '월드메르디앙 구례', '민영', 'n', 'n', null, 'n', 'n', 'n', '2024-05', 'n', 'n', 'n', '2021-10-13'),
        (2021000603, '광주', '동구', '2021-08-18', 'n', '한국건설 주식회사', '2021-09-23', '2021-09-08', '광주광역시 동구 산수동 산67-1번지 외 11일원', '무등산 한국아델리움 더힐 2단지', '민영', 'n', 'n', null, 'n', 'n', 'n', '2024-11', 'n', 'n', 'y', '2021-09-27'),
        (2021000604, '대구', '중구', '2021-08-27', 'n', '주식회사 이담알앤디', '2021-09-28', '2021-09-15', '대구광역시 중구 태평로 105(태평로3가)', '힐스테이트 대구역 퍼스트 2차', '민영', 'n', 'n', null, 'n', 'n', 'n', '2025-05', 'n', 'n', 'y', '2021-09-30'),
        (2021000605, '부산', '연제구', '2021-08-25', 'n', '대신자산신탁(주)', '2021-09-27', '2021-09-15', '부산광역시 연제구 연산동 1360-13번지 일원', '시청역 동원시티비스타', '민영', 'n', 'n', null, 'n', 'n', 'n', '2023-09', 'n', 'n', 'y', '2021-09-29'),
        (2021000606, '전북', '전주시', '2021-10-01', 'n', '교보자산신탁(주)', '2021-11-01', '2021-10-22', '전라북도 전주시 덕진구 기린대로 342(금암동)', '전주 모아미래도바울루체', '민영', 'n', 'n', null, 'n', 'n', 'n', '2023-12', 'n', 'n', 'y', '2021-11-03'),
        (2021000610, '충남', '홍성군', '2021-08-27', 'n', '(주)하나자산신탁', '2021-09-27', '2021-09-14', '충청남도 홍성군 홍성읍 고암리 583-14일원', '홍성자이', '민영', 'n', 'n', null, 'n', 'n', 'n', '2023-12', 'n', 'n', 'n', '2021-09-29'),
        (2021000616, '경기', '파주시', '2021-09-10', 'n', '(주)태우디앤씨', '2021-10-18', '2021-10-07', '경기도 파주시 문산읍 선유리 878-1', '파주 문산역 2차 동문 디 이스트', '민영', 'n', 'n', null, 'n', 'n', 'n', '2024-06', 'n', 'n', 'n', '2021-10-22'),
        (2021000617, '인천', '미추홀구', '2021-09-09', 'n', '(주)디씨알이', '2021-10-19', '2021-10-07', '인천광역시 미추홀구 용현·학익 1블록 도시개발사업구역 내 업무복합2BL', '시티오씨엘 4단지', '민영', 'n', 'n', null, 'n', 'n', 'n', '2025-01', 'n', 'n', 'y', '2021-10-21'),
        (2021000620, '인천', '중구', '2021-09-03', 'n', '한국토지주택공사,한신공영(주),우미건설(주),이수건설(주),(주)우석건설', '2021-11-16', '2021-09-24', '인천광역시 중구 중산동 1880-2', '영종하늘도시 한신더휴2차', '국민', 'y', 'n', null, 'y', 'n', 'y', '2024-01', 'n', 'n', 'y', '2021-11-20'),
        (2021000623, '경기', '양평군', '2021-09-17', 'n', '아시아신탁(주)', '2021-10-18', '2021-10-07', '경기도 양평군 강상면 병산2지구 공동주택용지 C블록 2롯트', '양평 우방아이유쉘 에코리버', '민영', 'n', 'n', null, 'n', 'n', 'n', '2024-05', 'n', 'n', 'n', '2021-10-20'),
        (2021000625, '경기', '포천시', '2021-09-02', 'n', '신영부동산신탁 주식회사', '2021-10-06', '2021-09-24', '경기도 포천시 소흘읍 송우리 225-1외 16필지', '태봉공원 푸르지오 파크몬트', '민영', 'n', 'n', null, 'n', 'n', 'n', '2024-12', 'n', 'n', 'n', '2021-10-10'),
        (2021000626, '인천', '강화군', '2021-09-14', 'n', '강화지역주택조합', '2021-10-22', '2021-10-08', '인천광역시 강화군 선원면 창리 456번지', '인천강화 서희스타힐스 1단지', '민영', 'n', 'n', null, 'n', 'n', 'n', '2024-08', 'n', 'n', 'n', '2021-10-24'),
        (2021000627, '인천', '강화군', '2021-09-14', 'n', '강화지역주택조합', '2021-10-23', '2021-10-12', '인천광역시 강화군 선원면 창리 산 167-1번지 일원', '인천강화 서희스타힐스 2단지', '민영', 'n', 'n', null, 'n', 'n', 'n', '2024-08', 'n', 'n', 'n', '2021-10-25'),
        (2021000628, '대구', '수성구', '2021-10-08', 'n', '우리자산신탁 주식회사', '2021-11-08', '2021-10-28', '대구광역시 수성구 파동 68-7번지 일원', '수성레이크 우방아이유쉘', '민영', 'n', 'n', null, 'n', 'n', 'n', '2024-03', 'n', 'y', 'y', '2021-11-10'),
        (2021000629, '전북', '군산시', '2021-08-27', 'n', '한성건설(주)', '2021-09-24', '2021-09-13', '전라북도 군산시 요죽길 76(오식도동, 한성필하우스)', '군산 한성필하우스', '국민', 'n', 'n', null, 'n', 'n', 'n', '2021-09', 'n', 'n', 'n', '2021-09-28'),
        (2021000633, '대구', '달서구', '2021-08-27', 'n', '현대백조타운 주택재건축정비사업조합', '2021-10-04', '2021-09-15', '대구광역시 달서구 와룡로15길 86(본리동, 현대백조타운)', '달서 SK VIEW', '민영', 'n', 'y', null, 'n', 'n', 'n', '2024-06', 'n', 'n', 'y', '2021-10-07'),
        (2021000634, '경북', null, '2021-09-10', 'n', '교보자산신탁(주)', '2021-10-12', '2021-10-01', '풍산읍 막곡리 산14-15번지 일원', '안동 영무예다음 포레스트', '민영', 'n', 'n', null, 'n', 'n', 'n', '2024-09', 'n', 'n', 'n', '2021-10-15'),
        (2021000635, '경남', '거제시', '2021-09-24', 'n', '우리자산신탁 주식회사', '2021-10-25', '2021-10-14', '경상남도 거제시 옥포동 238-2번지 일원', '거제 반도유보라', '민영', 'n', 'n', null, 'n', 'n', 'n', '2024-01', 'n', 'n', 'n', '2021-10-27'),
        (2021000646, '강원', '속초시', '2021-10-12', 'n', '교보자산신탁(주)', '2021-11-15', '2021-11-01', '강원도 속초시 동명동 306-10', '속초 동명 휴티스 오션시티', '민영', 'n', 'n', null, 'n', 'n', 'n', '2023-12', 'n', 'n', 'n', '2021-11-17'),
        (2021000653, '경기', '안양시', '2021-09-03', 'n', '비산초교주변지구 주택재개발정비사업조합', '2021-10-11', '2021-09-27', '경기도 안양시 동안구 비산3동 281-1번지 일원', '평촌 엘프라우드', '민영', 'n', 'y', null, 'n', 'n', 'n', '2024-06', 'n', 'y', 'y', '2021-10-15'),
        (2021000654, '경기', '이천시', '2021-09-10', 'n', '주식회사 더로렌', '2021-10-16', '2021-10-05', '경기도 이천시 안흥동 270번지 일원', '이천 빌리브 어바인시티 1BL', '민영', 'n', 'n', null, 'n', 'n', 'n', '2026-01', 'n', 'n', 'n', '2021-10-18'),
        (2021000655, '경기', '이천시', '2021-09-10', 'n', '(주)더랜드인베스트', '2021-10-12', '2021-10-01', '경기도 이천시 안흥동 272-6번지 일원', '이천 빌리브 어바인시티 2BL', '민영', 'n', 'n', null, 'n', 'n', 'n', '2026-01', 'n', 'n', 'n', '2021-10-14'),
        (2021000656, '경북', '포항시', '2021-09-13', 'n', '(주)무궁화신탁', '2021-10-12', '2021-10-01', '경상북도 포항시 북구 중흥로241번길 42(용흥동)', '빌드원 르헤브3차 아파트', '민영', 'n', 'n', null, 'n', 'n', 'n', '2021-11', 'n', 'n', 'n', '2021-10-14'),
        (2021000657, '경기', '수원시', '2021-09-02', 'n', '(주)무궁화신탁', '2021-10-12', '2021-09-29', '경기도 수원시 영통구 광교택지개발지구 C6블록', '힐스테이트 광교중앙역 퍼스트', '민영', 'y', 'n', null, 'n', 'n', 'y', '2024-08', 'n', 'y', 'y', '2021-10-16'),
        (2021000664, '전남', '광양시', '2021-09-03', 'n', '한라비발디 광양 황금택지지구 26-1블럭 지역주택조합', '2021-10-12', '2021-09-27', '전라남도 광양시 황금지구 26-1블럭', '광양 한라비발디 센트럴마크', '민영', 'n', 'n', null, 'n', 'n', 'n', '2024-04', 'n', 'n', 'y', '2021-10-14'),
        (2021000667, '경기', '이천시', '2021-10-01', 'n', '교보자산신탁(주)', '2021-11-01', '2021-10-20', '경기도 이천시 관고동 산13-1번지 일원', '이천자이 더 파크', '민영', 'n', 'n', null, 'n', 'n', 'n', '2024-09', 'n', 'n', 'n', '2021-11-05'),
        (2021000671, '경기', '가평군', '2021-09-23', 'n', '교보자산신탁(주)', '2021-10-25', '2021-10-14', '경기도 가평군 가평읍 읍내리 205-1번지 일원', '힐스테이트 가평 더뉴클래스', '민영', 'n', 'n', null, 'n', 'n', 'n', '2023-11', 'n', 'n', 'n', '2021-10-27'),
        (2021000672, '제주', '서귀포시', '2021-09-15', 'n', '코스모덱산업 주식회사', '2021-10-18', '2021-10-05', '제주특별자치도 서귀포시 대정읍 동일하모로131번길 24', '모슬포 라움아파트', '민영', 'n', 'n', null, 'n', 'n', 'n', '2021-11', 'n', 'n', 'n', '2021-10-20'),
        (2021000675, '부산', '부산진구', '2021-09-03', 'n', '부암지역주택조합', '2021-10-08', '2021-09-27', '부산광역시 부산진구 부암동 610-88번지 일원', '부암서희스타힐스', '민영', 'n', 'n', null, 'n', 'n', 'n', '2024-12', 'n', 'n', 'y', '2021-10-13'),
        (2021000676, '부산', '동래구', '2021-09-17', 'n', '아시아신탁주식회사', '2021-10-18', '2021-10-07', '부산광역시 동래구 명륜로98번길 29(수안동)', '동래 다솜시티', '민영', 'n', 'n', null, 'n', 'n', 'n', '2021-11', 'n', 'n', 'y', '2021-10-20'),
        (2021000677, '경기', '동두천시', '2021-10-22', 'n', '교보자산신탁(주)', '2021-11-22', '2021-11-10', '경기도 동두천시 생연동 592-2번지 일대', '동두천중앙역 엘크루 더퍼스트', '민영', 'n', 'n', null, 'n', 'n', 'n', '2023-11', 'n', 'n', 'y', '2021-11-24'),
        (2021000678, '경북', '경주시', '2021-09-24', 'n', '(주)무궁화신탁', '2021-10-26', '2021-10-14', '경상북도 경주시 건천읍 화천리 산218', '신경주 더 퍼스트 데시앙', '민영', 'n', 'n', null, 'n', 'n', 'y', '2024-07', 'n', 'n', 'n', '2021-10-28'),
        (2021000679, '전북', '완주군', '2021-10-01', 'n', '혁신도시지역주택조합', '2021-11-03', '2021-10-22', '전라북도 완주군 이서면 은교리 653-4번지 일원', '완주 이서 양우내안애 퍼스트힐', '민영', 'n', 'n', null, 'n', 'n', 'n', '2023-04', 'n', 'n', 'n', '2021-11-05'),
        (2021000680, '대전', '동구', '2021-09-10', 'n', '한국자산신탁(주)', '2021-10-25', '2021-10-05', '대전광역시 동구 대전로 359-5(대성동)', '은어송 하늘채 리버뷰', '민영', 'n', 'n', null, 'n', 'n', 'n', '2024-08', 'n', 'y', 'y', '2021-10-29'),
        (2021000681, '강원', '원주시', '2021-09-16', 'n', '주식회사 동양개발산업', '2021-10-18', '2021-10-06', '강원도 원주시 지정면 조엄로 301', '원주기업도시 EG the1 3차', '민영', 'n', 'n', null, 'n', 'n', 'n', '2024-05', 'n', 'n', 'n', '2021-10-24'),
        (2021000682, '경기', '오산시', '2021-10-01', 'n', '(주)새솔건설', '2021-11-03', '2021-10-22', '경기도 오산시 세교2지구 A-4블록 궐동 383', '오산 세교2지구 A-4블록 중흥S-클래스 에듀파크', '민영', 'y', 'n', null, 'n', 'n', 'y', '2024-10', 'n', 'n', 'y', '2021-11-12'),
        (2021000683, '경기', '오산시', '2021-10-01', 'n', '중흥건설(주)', '2021-11-05', '2021-10-25', '경기도 오산시 세교2지구 A-9블록 누읍동 413-1', '오산 세교2지구 A-9블록 중흥S-클래스 에듀하이', '민영', 'y', 'n', null, 'n', 'n', 'y', '2024-10', 'n', 'n', 'y', '2021-11-12'),
        (2021000686, '경기', '안성시', '2021-09-30', 'n', '(주)흥화', '2021-11-01', '2021-10-20', '경기도 안성시 아양동 417번지', '안성아양 흥화하브', '민영', 'y', 'n', null, 'n', 'n', 'y', '2024-04', 'n', 'n', 'y', '2021-11-03'),
        (2021000687, '인천', '미추홀구', '2021-09-10', 'n', '주안7구역주택재건축정비사업조합', '2021-10-12', '2021-10-01', '인천광역시 미추홀구 주안5동 19-2', '주안역 센트레빌', '민영', 'n', 'y', null, 'n', 'n', 'n', '2021-12', 'n', 'n', 'y', '2021-10-14'),
        (2021000693, '경남', '창원시', '2021-09-15', 'n', '경남개발공사', '2021-11-08', '2021-10-06', '경상남도 창원시 마산합포구 현동310', '창원현동 A-2BL 남양휴튼 공공분양', '국민', 'n', 'n', null, 'y', 'n', 'y', '2024-02', 'n', 'n', 'n', '2021-11-10'),
        (2021000695, '강원', '강릉시', '2021-09-30', 'n', '한국자산신탁(주)', '2021-11-01', '2021-10-21', '강원도 강릉시 교동 산 141', '강릉 교동하늘채 스카이파크', '민영', 'n', 'n', null, 'n', 'n', 'n', '2024-10', 'n', 'n', 'n', '2021-11-03'),
        (2021000696, '경기', '평택시', '2021-09-27', 'n', '동삭센토피아지역주택조합', '2021-10-29', '2021-10-18', '경기도 평택시 동삭1로22번길 40', '지제 더샵 센트럴파크', '민영', 'n', 'n', null, 'n', 'n', 'n', '2021-11', 'n', 'n', 'y', '2021-11-02'),
        (2021000697, '부산', '연제구', '2021-10-08', 'n', '거제동 가로주택정비사업조합', '2021-11-09', '2021-10-28', '부산광역시 연제구 거제대로281번길 3(거제동)', '거제 미소지움 더퍼스트', '민영', 'n', 'y', null, 'n', 'n', 'n', '2024-06', 'n', 'n', 'y', '2021-11-13'),
        (2021000698, '경북', '경주시', '2021-09-17', 'n', '코리아신탁(주)', '2021-10-19', '2021-10-08', '경상북도 경주시 유림로97번길 3-12(황성동, 발레오사택)', '경주 황성 베스티움 프레스티지', '민영', 'n', 'n', null, 'n', 'n', 'n', '2024-07', 'n', 'n', 'n', '2021-10-21'),
        (2021000699, '인천', '연수구', '2021-09-23', 'n', '신영부동산신탁 주식회사', '2021-10-25', '2021-10-14', '인천광역시 연수구 송도동21-34, 35번지', '송도 대경스위트리아 파크뷰', '민영', 'y', 'n', null, 'n', 'n', 'n', '2021-11', 'n', 'y', 'y', '2021-10-27'),
        (2021000700, '경기', '안산시', '2021-10-15', 'n', '선부동2구역주택재건축정비사업조합', '2021-11-15', '2021-11-03', '경기도 안산시 단원구 선부동 998번지 일원', '안산 한신더휴', '민영', 'n', 'y', null, 'n', 'n', 'n', '2024-05', 'n', 'y', 'y', '2021-11-19'),
        (2021000704, '경기', '여주시', '2021-10-26', 'n', '여주교동(향교마을)지역주택조합', '2021-11-26', '2021-11-15', '경기도 여주시 교동 299-7', '여주역 센트레빌 트리니체', '민영', 'n', 'n', null, 'n', 'n', 'n', '2024-02', 'n', 'n', 'n', '2021-11-28'),
        (2021000707, '경기', '평택시', '2021-09-23', 'n', '우리자산신탁 주식회사', '2021-10-26', '2021-10-15', '경기도 평택시 칠원동 신촌지구 A-5블록', '평택 지제역 동문 디 이스트(5단지)', '민영', 'n', 'n', null, 'n', 'n', 'n', '2024-02', 'n', 'n', 'y', '2021-10-30'),
        (2021000708, '경기', '하남시', '2021-09-23', 'n', '하남C구역 주택재개발정비사업조합', '2021-11-01', '2021-10-15', '경기도 하남시 덕풍동 285-31번지 일원', '더샵 하남에디피스', '민영', 'n', 'y', null, 'n', 'n', 'y', '2024-03', 'n', 'y', 'y', '2021-11-11'),
        (2021000710, '경남', '진주시', '2021-10-15', 'n', '아시아신탁주식회사', '2021-11-15', '2021-11-03', '경상남도 진주시 가좌동 2092', '신진주역세권 데시앙', '민영', 'n', 'n', null, 'n', 'n', 'y', '2024-05', 'n', 'n', 'n', '2021-11-17'),
        (2021000721, '광주', '남구', '2021-10-08', 'n', '주식회사 제이원시티', '2021-11-08', '2021-10-27', '광주광역시 남구 월산동 36-8번지외 39', '남구 진아리채 리센츠', '민영', 'n', 'n', null, 'n', 'n', 'n', '2024-08', 'n', 'n', 'y', '2021-11-10'),
        (2021000722, '경남', '김해시', '2021-10-29', 'n', '지에스건설(주)', '2021-11-29', '2021-11-16', '경상남도 김해시 장유로334번길 61(신문동)', '장유자이 더 파크', '민영', 'n', 'n', null, 'n', 'n', 'n', '2024-03', 'n', 'n', 'n', '2021-12-02'),
        (2021000725, '경남', '진주시', '2021-09-29', 'n', '코리아신탁(주)', '2021-11-01', '2021-10-20', '경상남도 진주시 초전동 산1-1', '더샵 진주피에르테', '민영', 'n', 'n', null, 'n', 'n', 'n', '2025-01', 'n', 'n', 'n', '2021-11-05'),
        (2021000726, '강원', '동해시', '2021-10-08', 'n', '(주)하나자산신탁', '2021-11-08', '2021-10-26', '강원도 동해시 효가동 산1번지 외 13필지', '동해자이', '민영', 'n', 'n', null, 'n', 'n', 'n', '2024-07', 'n', 'n', 'n', '2021-11-12'),
        (2021000731, '제주', '서귀포시', '2021-10-15', 'n', '(주)하나자산신탁', '2021-11-12', '2021-11-01', '제주특별자치도 서귀포시 중문동 1805-1번지 일원', '한화 포레나 제주중문', '민영', 'n', 'n', null, 'n', 'n', 'n', '2023-06', 'n', 'n', 'n', '2021-11-15'),
        (2021000735, '대전', '동구', '2021-09-30', 'n', '계룡건설산업(주)외4개사', '2021-12-06', '2021-10-22', '대전광역시 동구 천동 173번지 일대', '리더스시티', '국민', 'n', 'y', null, 'n', 'n', 'y', '2024-07', 'n', 'y', 'y', '2021-12-11'),
        (2021000736, '경북', '포항시', '2021-10-29', 'n', '교보자산신탁(주)', '2021-11-29', '2021-11-16', '경상북도 포항시 남구 오천읍 용산리 360-13', '포항 아이파크', '민영', 'n', 'n', null, 'n', 'n', 'n', '2024-06', 'n', 'n', 'n', '2021-12-03'),
        (2021000739, '강원', '평창군', '2021-10-22', 'n', '대한토지신탁(주)', '2021-11-22', '2021-11-09', '강원도 평창군 평창읍 하리 192-1', '평창 스위트엠 엘크루', '민영', 'n', 'n', null, 'n', 'n', 'n', '2024-03', 'n', 'n', 'n', '2021-11-24'),
        (2021000744, '경남', '창원시', '2021-09-30', 'n', '한국토지주택공사 경남지역본부', '2021-12-20', '2021-10-25', '경상남도 창원시 마산합포구 가포동 788', '안단테 창원가포 A-2블록 공공분양', '국민', 'n', 'n', null, 'y', 'n', 'y', '2023-06', 'n', 'n', 'n', '2021-12-23'),
        (2021000748, '경기', '광주시', '2021-10-15', 'n', '교보자산신탁(주)', '2021-11-20', '2021-11-03', '경기도 광주시 오포읍 고산리 484-5번지 일원 (고산2지구 C-1블록)', '오포자이 오브제 C-1BL', '민영', 'n', 'n', null, 'n', 'n', 'n', '2024-08', 'n', 'n', 'y', '2021-11-28'),
        (2021000749, '전북', '남원시', '2021-11-15', 'n', '(주)에버종합건설', '2021-12-15', '2021-12-03', '전라북도 남원시 신정동 116-1', '남원2차 오투그란데 디아트', '민영', 'n', 'n', null, 'n', 'n', 'n', '2024-03', 'n', 'n', 'n', '2021-12-17'),
        (2021000752, '강원', '춘천시', '2021-10-08', 'n', '한아건설(주)', '2021-11-08', '2021-10-26', '강원도 춘천시 동내면 학곡리 860번지', '춘천 학곡지구 모아엘가 그랑데', '민영', 'n', 'n', null, 'n', 'n', 'n', '2024-10', 'n', 'n', 'n', '2021-11-10'),
        (2021000759, '전남', '고흥군', '2021-10-08', 'n', '센트럴개발 주식회사', '2021-11-02', '2021-10-21', '전라남도 고흥군 도양읍 번영1길 14', '녹동 승원팰리체', '민영', 'n', 'n', null, 'n', 'n', 'n', '2023-11', 'n', 'n', 'n', '2021-11-04'),
        (2021000760, '충남', '예산군', '2021-10-08', 'n', '중봉건설(주)', '2021-11-08', '2021-10-27', '충청남도 예산군 삽교읍 목리 884', '내포신도시 RH-3블록 중흥S클래스 더시티', '민영', 'n', 'n', null, 'n', 'n', 'y', '2024-10', 'n', 'n', 'n', '2021-11-12'),
        (2021000761, '대구', '수성구', '2021-10-15', 'n', '시지경북타운 가로주택정비사업조합', '2021-11-15', '2021-11-03', '대구광역시 수성구 달구벌대로622길 11(시지동, 시지경북아파트)', '시지 센트레빌', '민영', 'n', 'n', null, 'n', 'n', 'n', '2023-09', 'n', 'y', 'y', '2021-11-17'),
        (2021000765, '광주', '북구', '2021-10-29', 'n', '오치동979의1번지 일원 가로주택정비사업조합', '2021-11-29', '2021-11-17', '광주광역시 북구 오치동 979-1번지 일원', '오치동 광신프로그레스', '민영', 'n', 'y', null, 'n', 'n', 'n', '2023-08', 'n', 'n', 'y', '2021-12-01'),
        (2021000770, '인천', '연수구', '2021-10-15', 'n', '신영부동산신탁 주식회사', '2021-11-15', '2021-11-02', '인천광역시 연수구 송도동 22-12 외 2필지', '송도 센트럴파크 리버리치', '민영', 'y', 'n', null, 'n', 'n', 'n', '2023-10', 'n', 'y', 'y', '2021-11-19'),
        (2021000772, '경북', '포항시', '2021-11-12', 'n', '디아이산업 주식회사', '2021-12-14', '2021-12-02', '경상북도 포항시 북구 흥해읍 대련리 산266-1(펜타시티A1BL)', '포항펜타시티(A1BL) 대방 엘리움 퍼스티지 I', '민영', 'n', 'n', null, 'n', 'n', 'y', '2024-11', 'n', 'n', 'n', '2021-12-17'),
        (2021000773, '경북', '경주시', '2021-10-13', 'n', '한국투자부동산신탁 주식회사', '2021-11-15', '2021-11-02', '경상북도 경주시 충효지구 D-5블럭 1롯트', '경주웰라움더테라스', '민영', 'n', 'n', null, 'n', 'n', 'n', '2023-09', 'n', 'n', 'n', '2021-11-17'),
        (2021000774, '경북', '경주시', '2021-10-15', 'n', '한국자산신탁(주)', '2021-11-15', '2021-11-02', '경상북도 경주시 외동읍 입실리 산24번지 일원', '경주 삼부르네상스 더테라스', '민영', 'n', 'n', null, 'n', 'n', 'n', '2024-03', 'n', 'n', 'n', '2021-11-17'),
        (2021000777, '부산', '강서구', '2021-10-22', 'n', '에코델타비에스피에프브이 주식회사', '2021-11-22', '2021-11-10', '부산광역시 강서구 제도로 289(강동동)', '부산 에코델타시티 한양수자인', '민영', 'n', 'n', null, 'n', 'n', 'y', '2024-06', 'n', 'n', 'y', '2021-11-26'),
        (2021000780, '경기', '파주시', '2021-10-22', 'n', '파주피에프브이주식회사', '2021-11-25', '2021-11-09', '경기도 파주시 다율동 23-1번지', '운정신도시 푸르지오 파르세나', '민영', 'y', 'n', null, 'n', 'n', 'y', '2022-08', 'n', 'n', 'y', '2021-12-05'),
        (2021000781, '경북', '포항시', '2021-11-12', 'n', '대방산업개발(주)', '2021-12-14', '2021-12-03', '경상북도 포항시 북구 흥해읍 대련리 산262-1(펜타시티A3BL)', '포항펜타시티(A3BL) 대방 엘리움 퍼스티지 II', '민영', 'n', 'n', null, 'n', 'n', 'y', '2024-11', 'n', 'n', 'n', '2021-12-17'),
        (2021000782, '광주', '북구', '2021-10-29', 'n', '센트럴시티 서희스타힐스 지역주택조합', '2021-11-29', '2021-11-17', '광주광역시 북구 용두동 453번지 일원', '첨단 센트럴시티 서희스타힐스', '민영', 'n', 'n', null, 'n', 'n', 'n', '2023-12', 'n', 'n', 'y', '2021-12-01'),
        (2021000784, '대전', '중구', '2021-10-28', 'n', '용두동1구역 주택재개발정비사업조합', '2021-11-29', '2021-11-17', '대전광역시 중구 동서대로1327번길 102', '대전 하늘채 엘센트로', '민영', 'n', 'y', null, 'n', 'n', 'n', '2024-07', 'n', 'y', 'y', '2021-12-02'),
        (2021000790, '경기', '안산시', '2021-11-05', 'n', '인정프린스아파트주택재건축정비사업조합', '2021-12-06', '2021-11-24', '경기도 안산시 상록구 건건동 894-10번지', '반월역 두산위브 더 센트럴', '민영', 'n', 'y', null, 'n', 'n', 'n', '2025-03', 'n', 'n', 'y', '2021-12-08'),
        (2021000792, '경기', '양평군', '2021-11-05', 'n', '우리자산신탁 주식회사', '2021-12-06', '2021-11-23', '경기도 양평군 양서면 용담리 242-5번지 일원', '양수역 이지움 리버뷰', '민영', 'n', 'n', null, 'n', 'n', 'n', '2024-02', 'n', 'n', 'n', '2021-12-08'),
        (2021000793, '인천', '미추홀구', '2021-11-04', 'n', '학익1구역주택재개발정비사업조합', '2021-12-06', '2021-11-24', '인천광역시 미추홀구 학익1동 220번지 일대', '학익 SK VIEW', '민영', 'n', 'y', null, 'n', 'n', 'n', '2024-09', 'n', 'n', 'y', '2021-12-14'),
        (2021000794, '경기', '광주시', '2021-11-08', 'n', '케이비부동산신탁(주)', '2021-12-17', '2021-11-29', '경기도 광주시 송정동 153번지 일원', '광주 행정타운 아이파크', '민영', 'n', 'n', null, 'n', 'n', 'n', '2024-05', 'n', 'n', 'y', '2021-12-23'),
        (2021000795, '경북', '경주시', '2021-11-10', 'n', '(주)경주디앤씨', '2021-12-13', '2021-11-30', '경상북도 경주시 현곡면 하구리 431-2 일원', '경주자이르네', '민영', 'n', 'n', null, 'n', 'n', 'n', '2024-04', 'n', 'n', 'n', '2021-12-15'),
        (2021000796, '광주', '북구', '2021-11-12', 'n', '센트럴운암 주식회사', '2021-12-13', '2021-12-01', '광주광역시 북구 운암동 65-6번지 일원', '센트럴운암 모아엘가 트레뷰', '민영', 'n', 'n', null, 'n', 'n', 'n', '2025-02', 'n', 'n', 'y', '2021-12-15'),
        (2021000799, '경남', '양산시', '2021-10-29', 'n', '주식회사 양산사송1피에프브이', '2021-11-29', '2021-11-16', '경상남도 양산시 사송지구 B-2BL', '양산사송지구B-2BL 사송신도시 제일풍경채 퍼스트파크', '민영', 'n', 'n', null, 'n', 'n', 'y', '2024-04', 'n', 'n', 'n', '2021-12-02'),
        (2021000800, '경남', '창원시', '2021-10-28', 'n', '남양종합개발(주)', '2021-11-29', '2021-11-18', '경상남도 창원시 의창구 북면 무동리 무동지구 14블록(북면 무동리 일반121-1)', '창원 무동 동원로얄듀크', '민영', 'n', 'n', null, 'n', 'n', 'n', '2023-12', 'n', 'y', 'n', '2021-12-01'),
        (2021000801, '대구', '중구', '2021-11-12', 'n', '(주)하나자산신탁', '2021-12-20', '2021-12-08', '대구광역시 중구 명륜로22안길 26-36(대봉동)', '대봉 서한이다음', '민영', 'n', 'n', null, 'n', 'n', 'n', '2024-10', 'n', 'n', 'y', '2021-12-23'),
        (2021000802, '대구', '남구', '2021-10-28', 'n', '새길지구주택재건축정비사업조합', '2021-11-30', '2021-11-17', '대구광역시 남구 대덕로 166-4(봉덕동)', '힐스테이트 앞산 센트럴', '민영', 'n', 'y', null, 'n', 'n', 'n', '2024-05', 'n', 'n', 'y', '2021-12-02'),
        (2021000803, '인천', '미추홀구', '2021-11-02', 'n', '여의주택재개발정비사업조합', '2021-12-06', '2021-11-23', '인천광역시 미추홀구 숭의동 232-1번지 일원', '두산위브더제니스 센트럴 여의', '민영', 'n', 'y', null, 'n', 'n', 'n', '2025-06', 'n', 'n', 'y', '2021-12-09'),
        (2021000807, '강원', '원주시', '2021-11-05', 'n', '티에스리빙 주식회사', '2021-12-06', '2021-11-23', '강원도 원주시 무실동 1066-1번지', '남원주역세권A1 호반써밋 원주역', '민영', 'n', 'n', null, 'n', 'n', 'n', '2024-07', 'n', 'n', 'n', '2021-12-09'),
        (2021000814, '부산', '강서구', '2021-11-04', 'n', '(주)호반호텔앤리조트', '2021-12-06', '2021-11-24', '부산광역시 강서구 강동동 에코델타시티 7BL', '부산에코델타 7BL 호반써밋', '민영', 'n', 'n', null, 'n', 'n', 'y', '2024-01', 'n', 'n', 'y', '2021-12-09'),
        (2021000816, '경기', '파주시', '2021-11-04', 'n', '금촌역신일해피트리지역주택조합', '2021-12-06', '2021-11-24', '경기도 파주시 금촌동 329-12외 24필지', '금촌역 신일해피트리 더루츠', '민영', 'n', 'n', null, 'n', 'n', 'n', '2024-03', 'n', 'n', 'y', '2021-12-08'),
        (2021000819, '대구', '중구', '2021-11-05', 'n', '(주)하나자산신탁', '2021-12-06', '2021-11-24', '대구광역시 중구 동성로3길 84(공평동)', '더샵 동성로센트리엘', '민영', 'n', 'y', null, 'n', 'n', 'n', '2025-11', 'n', 'n', 'y', '2021-12-08'),
        (2021000822, '경남', '진주시', '2021-11-01', 'n', '(주)상아건설', '2021-11-30', '2021-11-19', '경상남도 진주시 가좌동 1986(신진주역세권 B-1BL)', '신진주역세권 B-1BL 우미린', '민영', 'n', 'n', null, 'n', 'n', 'y', '2024-06', 'n', 'n', 'n', '2021-12-03'),
        (2021000825, '경기', '파주시', '2021-11-12', 'n', '주식회사 제일에셋', '2021-12-13', '2021-11-30', '경기도 파주시 운정3지구 내 A7블록', '파주 운정3지구 A7BL 제일풍경채 3차 그랑포레', '민영', 'y', 'n', null, 'n', 'n', 'y', '2024-06', 'n', 'n', 'y', '2021-12-16'),
        (2021000827, '경기', '파주시', '2021-11-12', 'n', '(주)펜테리움개발', '2021-12-14', '2021-12-01', '경기도 파주시 동패동 910 일원(파주운정3지구 A32블록)', 'GTX 운정 금강펜테리움 센트럴파크', '민영', 'y', 'n', null, 'n', 'n', 'y', '2022-07', 'n', 'n', 'y', '2021-12-16'),
        (2021000828, '경기', '수원시', '2021-11-05', 'n', '곡반정동명당1단지지역주택조합', '2021-12-07', '2021-11-24', '경기도 수원시 곡반정동 116-2번지 일원', '수원 하늘채 더퍼스트 1단지', '민영', 'n', 'n', null, 'n', 'n', 'n', '2021-12', 'n', 'y', 'y', '2021-12-09'),
        (2021000829, '부산', '금정구', '2021-11-12', 'n', '교보자산신탁(주)', '2021-12-13', '2021-12-02', '부산광역시 금정구 수림로50번길 146(구서동)', '구서역 포르투나', '민영', 'n', 'n', null, 'n', 'n', 'n', '2022-05', 'n', 'n', 'y', '2021-12-15'),
        (2021000830, '인천', '연수구', '2021-11-05', 'n', '(주)무궁화신탁', '2021-12-09', '2021-11-22', '인천광역시 연수구 396-11번지(송도랜드마크시티 6,8공구 A17BL)', '송도자이 더 스타', '민영', 'y', 'n', null, 'n', 'n', 'n', '2024-12', 'n', 'y', 'y', '2021-12-20'),
        (2021000831, '경기', '수원시', '2021-11-12', 'n', '대우연립주택재건축정비사업조합', '2021-12-13', '2021-12-02', '경기도 수원시 장안구 파장동 430-3 외 6필지', '북수원 하우스토리', '민영', 'n', 'y', null, 'n', 'n', 'n', '2023-01', 'n', 'y', 'y', '2021-12-15'),
        (2021000833, '경기', '수원시', '2021-11-05', 'n', '곡반정동명당2단지지역조합', '2021-12-07', '2021-11-24', '경기도 수원시 권선구 곡반정동 186-2번지 일원', '수원 하늘채 더퍼스트 2단지', '민영', 'n', 'n', null, 'n', 'n', 'n', '2021-12', 'n', 'y', 'y', '2021-12-09'),
        (2021000850, '전남', '무안군', '2021-11-12', 'n', '(주)남악오룡42피에프브이', '2021-12-13', '2021-12-01', '전라남도 무안군 오룡지구 42블록', '힐스테이트 오룡 42블록', '민영', 'n', 'n', null, 'n', 'n', 'y', '2024-05', 'n', 'n', 'n', '2021-12-18'),
        (2021000851, '전남', '무안군', '2021-11-12', 'n', '주식회사 남악오룡피에프브이', '2021-12-13', '2021-12-01', '전라남도 무안군 오룡지구 45블록', '힐스테이트 오룡 45블록', '민영', 'n', 'n', null, 'n', 'n', 'y', '2024-05', 'n', 'n', 'n', '2021-12-18'),
        (2021000854, '부산', '강서구', '2021-11-15', 'n', '(주)센테리움이앤씨', '2021-12-14', '2021-12-03', '부산광역시 강서구 명지국제5로 110(명지동, 금강펜테리움 센트럴파크 3차)', '명지국제신도시 A2블록 금강펜테리움 센트럴파크3 (임대)', '국민', 'n', 'n', null, 'n', 'n', 'n', '2021-12', 'n', 'n', 'y', '2021-12-16'),
        (2021000857, '부산', '남구', '2021-11-12', 'n', '대연2구역 주택재건축정비사업조합', '2021-12-13', '2021-12-01', '부산광역시 남구 진남로 95-11', '힐스테이트 대연 센트럴', '민영', 'n', 'y', null, 'n', 'n', 'n', '2024-05', 'n', 'n', 'y', '2021-12-15'),
        (2021000863, '충북', '영동군', '2021-11-12', 'n', '주식회사 수성건설', '2021-12-13', '2021-12-02', '충청북도 영동군 영동읍 영산로2길 9', '골든렉시움', '민영', 'n', 'n', null, 'n', 'n', 'n', '2021-12', 'n', 'n', 'n', '2021-12-15'),
        (2021000868, '대전', '서구', '2021-11-15', 'n', '케이비부동산신탁(주)', '2021-12-20', '2021-12-08', '대전광역시 서구 용문동 593-11번지 외 6필지', '대전 씨엘리오 스위첸', '민영', 'n', 'n', null, 'n', 'n', 'y', '2025-07', 'n', 'y', 'y', '2021-12-24');

insert into APT_INFO_AMOUNT (NOTIFICATION_NUMBER_ID, HOUSING_TYPE, SUPPLY_AMOUNT)
values  (2021000868, '081.9120A', '53,200'),
        (2021000868, '083.9450A', '55,800'),
        (2021000868, '083.9451B', '54,700'),
        (2021000854, '059.9774A', '9,570'),
        (2021000854, '059.9583B', '9,650'),
        (2021000854, '059.8908C', '9,580'),
        (2021000854, '059.7268C', '9,560'),
        (2021000749, '59.9463', '21,600'),
        (2021000749, '66.4104', '22,000'),
        (2021000749, '84.9523', '31,800'),
        (2021000749, '84.9213', '30,500'),
        (2021000749, '95.2873', '32,500'),
        (2021000749, '119.6903', '45,800'),
        (2021000749, '138.5903', '47,900'),
        (2021000863, '084.8752A', '37,900'),
        (2021000863, '084.5316B', '37,900'),
        (2021000857, '59.864', '50,287'),
        (2021000857, '074.9533A', '57,088'),
        (2021000857, '074.9370B', '60,350'),
        (2021000857, '084.9611B', '67,187'),
        (2021000851, '084.9321A', '40,510'),
        (2021000851, '084.9589B', '41,880'),
        (2021000851, '084.9339C', '39,140'),
        (2021000850, '084.9321A', '40,200'),
        (2021000850, '084.9589B', '41,520'),
        (2021000850, '084.9339C', '38,980'),
        (2021000831, '059.8970E', '46,788'),
        (2021000831, '059.8550G', '45,477'),
        (2021000831, '059.9440H', '46,064'),
        (2021000831, '059.9880I', '46,985'),
        (2021000831, '71.778', '54,644'),
        (2021000831, '084.9880A', '60,756'),
        (2021000831, '084.9680A', '60,976'),
        (2021000831, '084.9760B', '60,423'),
        (2021000831, '084.9890C', '61,189'),
        (2021000831, '84.987', '60,242'),
        (2021000829, '049.8290A', '32,430'),
        (2021000829, '050.9432B', '33,490'),
        (2021000829, '051.0868C', '30,840'),
        (2021000829, '51.0868', '33,670'),
        (2021000829, '051.2791E', '33,380'),
        (2021000829, '51.9447', '30,980'),
        (2021000829, '77.7477', '49,930'),
        (2021000827, '084.7064A', '47,000'),
        (2021000827, '084.8692B', '47,140'),
        (2021000827, '084.8736C', '47,700'),
        (2021000825, '084.9404A', '45,500'),
        (2021000825, '084.9958B', '45,500'),
        (2021000825, '084.9863C', '44,900'),
        (2021000825, '118.9928A', '59,000'),
        (2021000801, '67.5693', '47,200'),
        (2021000801, '084.6975A', '58,900'),
        (2021000801, '084.7772B', '58,900'),
        (2021000801, '99.7273', '72,400'),
        (2021000796, '084.8260A', '62,500'),
        (2021000796, '084.9636B', '63,000'),
        (2021000796, '084.8857C', '63,500'),
        (2021000796, '84.5199', '63,200'),
        (2021000796, '084.5199E', '65,400'),
        (2021000796, '84.5044', '63,100'),
        (2021000796, '89.6962', '55,700'),
        (2021000796, '90.4831', '57,200'),
        (2021000796, '91.2064', '59,200'),
        (2021000796, '92.379', '57,200'),
        (2021000796, '93.1117', '56,900'),
        (2021000796, '95.0146', '59,400'),
        (2021000796, '96.6882', '62,000'),
        (2021000796, '114.7231', '88,300'),
        (2021000781, '084.9137A', '38,195'),
        (2021000781, '084.9132B', '36,822'),
        (2021000781, '084.7856C', '34,555'),
        (2021000781, '116.4552', '48,671'),
        (2021000781, '117.4509', '43,296'),
        (2021000772, '084.9132B', '37,371'),
        (2021000772, '084.7856C', '35,804'),
        (2021000772, '116.4552', '49,299'),
        (2021000772, '117.4509', '43,924'),
        (2021000795, '084.7930A', '40,500'),
        (2021000795, '084.9190B', '42,100'),
        (2021000795, '084.9789C', '42,900'),
        (2021000795, '106.9424A', '53,500'),
        (2021000795, '106.9594B', '54,200'),
        (2021000795, '129.1138A', '75,500'),
        (2021000795, '129.8284B', '75,800'),
        (2021000795, '141.9878', '83,400'),
        (2021000794, '084.9939A', '53,000'),
        (2021000794, '084.9927B', '53,900'),
        (2021000794, '084.9091C', '50,300'),
        (2021000794, '84.9939', '53,000'),
        (2021000794, '99.5304', '63,200'),
        (2021000833, '059.9600A', '47,990'),
        (2021000833, '059.9200B', '46,510'),
        (2021000833, '074.9200A', '57,790'),
        (2021000833, '074.8800B', '56,280'),
        (2021000833, '084.9600A', '60,900'),
        (2021000830, '084.0000A', '95,540'),
        (2021000830, '084.7098B', '95,540'),
        (2021000830, '084.9964C', '94,540'),
        (2021000830, '84.9559', '93,540'),
        (2021000830, '097.6414T', '117,600'),
        (2021000830, '099.7748A', '112,430'),
        (2021000830, '099.9742B', '112,430'),
        (2021000830, '099.8725C', '108,990'),
        (2021000830, '099.0000T', '108,030'),
        (2021000830, '103.9728T', '123,400'),
        (2021000830, '104.8719T', '121,700'),
        (2021000830, '105.0454T', '119,700'),
        (2021000830, '107.0657T', '134,500'),
        (2021000830, '107.9607T', '127,700'),
        (2021000830, '111.3754T', '125,000'),
        (2021000830, '112.6599T', '127,400'),
        (2021000830, '118.9899T', '137,100'),
        (2021000830, '133.4990P', '211,240'),
        (2021000830, '144.6744P', '223,400'),
        (2021000830, '151.3362P', '237,890'),
        (2021000828, '059.9600A', '48,410'),
        (2021000828, '059.9200B', '47,670'),
        (2021000828, '074.9200A', '58,440'),
        (2021000828, '074.8800B', '57,770'),
        (2021000828, '084.9600A', '62,740'),
        (2021000828, '084.9400B', '62,050'),
        (2021000819, '084.7588A', '65,600'),
        (2021000819, '084.8891B', '65,500'),
        (2021000807, '62.964', '27,420'),
        (2021000807, '084.9687A', '36,510'),
        (2021000807, '084.9587B', '34,990'),
        (2021000792, '084.7900A', '49,200'),
        (2021000792, '084.7900B', '52,700'),
        (2021000792, '116.4000A', '66,600'),
        (2021000792, '116.4000B', '69,900'),
        (2021000790, '059.9464A', '44,400'),
        (2021000790, '059.8029B', '43,800'),
        (2021000790, '75.997', '54,500'),
        (2021000790, '79.9924', '54,900'),
        (2021000816, '42.3272', '26,928'),
        (2021000816, '57.3187', '34,121'),
        (2021000816, '59.7155', '35,179'),
        (2021000814, '084.9146A', '53,360'),
        (2021000814, '084.9365B', '52,380'),
        (2021000814, '084.8888C', '53,660'),
        (2021000793, '059.9482A', '40,080'),
        (2021000793, '059.9209B', '39,080'),
        (2021000793, '074.7584A', '48,530'),
        (2021000793, '074.7244B', '47,310'),
        (2021000793, '084.9912A', '53,970'),
        (2021000793, '084.9908B', '53,950'),
        (2021000803, '52.93', '32,600'),
        (2021000803, '059.9700A', '42,800'),
        (2021000803, '059.8100B', '42,700'),
        (2021000803, '62.97', '44,700'),
        (2021000803, '072.8300A', '50,800'),
        (2021000803, '072.6100B', '50,600'),
        (2021000803, '072.9200C', '49,100'),
        (2021000803, '084.9700A', '57,000'),
        (2021000803, '084.7600B', '56,900'),
        (2021000803, '084.9800C', '56,200'),
        (2021000803, '109.33', '73,000'),
        (2021000822, '084.9860A', '45,150'),
        (2021000822, '084.9888B', '44,830'),
        (2021000822, '116.8943', '65,470'),
        (2021000822, '128.8183', '65,470'),
        (2021000799, '084.9552A', '40,300'),
        (2021000799, '084.9544B', '40,500'),
        (2021000782, '72.9962', '41,480'),
        (2021000782, '79.7094', '44,910'),
        (2021000782, '84.928', '48,090'),
        (2021000765, '057.0107A', '26,979'),
        (2021000765, '084.4843A', '40,768'),
        (2021000736, '75.9101', '31,990'),
        (2021000736, '084.5134A', '35,300'),
        (2021000736, '084.9827B', '34,960'),
        (2021000736, '084.9913C', '34,990'),
        (2021000736, '101.6515', '46,470'),
        (2021000722, '059.7355A', '29,860'),
        (2021000722, '059.7288B', '29,570'),
        (2021000722, '078.5312A', '38,260'),
        (2021000722, '084.7313A', '41,860'),
        (2021000722, '084.3186B', '42,030'),
        (2021000722, '084.5614C', '41,850'),
        (2021000722, '125.1210P', '72,650'),
        (2021000802, '52.59', '31,500'),
        (2021000802, '059.9200A', '38,500'),
        (2021000802, '059.9400B', '38,500'),
        (2021000802, '69.55', '42,900'),
        (2021000802, '84.89', '51,500'),
        (2021000800, '063.6407A', '24,700'),
        (2021000800, '063.8240B', '24,400'),
        (2021000800, '75.7799', '29,510'),
        (2021000784, '059.9617A', '36,110'),
        (2021000784, '059.9736B', '35,960'),
        (2021000784, '074.9947A', '45,900'),
        (2021000784, '074.9947B', '45,900'),
        (2021000784, '084.9913A', '50,950'),
        (2021000704, '066.9687A', '31,500'),
        (2021000704, '066.8499B', '31,000'),
        (2021000704, '76.6971', '36,100'),
        (2021000780, '059.9700A', '33,200'),
        (2021000780, '059.9659B', '33,530'),
        (2021000780, '059.9559C', '32,550'),
        (2021000780, '59.847', '33,340'),
        (2021000780, '084.9210A', '44,470'),
        (2021000780, '084.7106B', '44,700'),
        (2021000780, '084.9820C', '44,090'),
        (2021000780, '84.9646', '44,670'),
        (2021000777, '102.0221A', '55,310'),
        (2021000777, '107.8421A', '58,280'),
        (2021000777, '132.9686A', '70,050'),
        (2021000777, '132.4631B', '69,730'),
        (2021000777, '132.2489C', '70,450'),
        (2021000739, '82.4962', '29,430'),
        (2021000739, '84.9687', '30,890'),
        (2021000677, '072.4132A', '33,902'),
        (2021000677, '072.4132B', '32,885'),
        (2021000677, '072.4132C', '32,885'),
        (2021000774, '59.696', '22,370'),
        (2021000774, '059.6960P', '27,770'),
        (2021000774, '63.3641', '23,670'),
        (2021000774, '063.3641C', '24,500'),
        (2021000774, '063.3641P', '28,780'),
        (2021000774, '84.7085', '30,380'),
        (2021000774, '084.7085P', '36,940'),
        (2021000770, '084.5448A', '89,015'),
        (2021000770, '084.5118B', '87,280'),
        (2021000770, '084.8750C', '85,741'),
        (2021000770, '84.069', '84,975'),
        (2021000770, '084.0070E', '84,928'),
        (2021000770, '84.937', '85,788'),
        (2021000770, '084.3712G', '84,721'),
        (2021000770, '084.9168H', '85,313'),
        (2021000761, '72.665', '53,400'),
        (2021000761, '78.2006', '59,000'),
        (2021000761, '84.983', '64,100'),
        (2021000748, '062.9691B', '38,190'),
        (2021000748, '074.9676A', '45,880'),
        (2021000748, '074.9676B', '44,840'),
        (2021000748, '74.9678', '45,590'),
        (2021000748, '074.7276E', '45,690'),
        (2021000748, '084.9959A', '50,100'),
        (2021000748, '084.9959B', '48,960'),
        (2021000748, '84.9658', '49,980'),
        (2021000748, '084.8537E', '50,000'),
        (2021000748, '104.9454A', '86,460'),
        (2021000731, '76.8886', '53,133'),
        (2021000731, '084.9366A', '60,862'),
        (2021000731, '084.9685B', '58,407'),
        (2021000731, '101.7229', '80,842'),
        (2021000731, '110.4614', '85,873'),
        (2021000731, '113.8592A', '89,716'),
        (2021000731, '113.9564B', '85,948'),
        (2021000710, '084.9301A', '45,180'),
        (2021000710, '084.9786B', '45,030'),
        (2021000710, '121.9504', '68,680'),
        (2021000700, '059.9324A', '39,900'),
        (2021000700, '059.9499B', '40,700'),
        (2021000700, '059.4150C', '39,800'),
        (2021000700, '84.7391', '51,000'),
        (2021000773, '084.9473A', '42,500'),
        (2021000773, '084.6284B', '43,100'),
        (2021000773, '084.8980C', '41,500'),
        (2021000773, '84.6284', '43,100'),
        (2021000773, '110.6696', '58,100'),
        (2021000646, '059.8440A', '30,600'),
        (2021000646, '059.9500B', '30,200'),
        (2021000646, '059.5980C', '30,300'),
        (2021000646, '59.913', '30,300'),
        (2021000646, '098.9210P', '70,500'),
        (2021000646, '099.2700P', '70,100'),
        (2021000646, '111.2880P', '88,000'),
        (2021000646, '114.5280P', '87,600'),
        (2021000760, '59.9914', '23,800'),
        (2021000760, '73.9822', '28,500'),
        (2021000760, '84.9642', '32,500'),
        (2021000759, '84.944', '32,900'),
        (2021000752, '084.9660A', '42,080'),
        (2021000752, '084.9250B', '43,580'),
        (2021000752, '084.9584C', '42,080'),
        (2021000752, '92.9413', '47,875'),
        (2021000752, '100.7533', '47,875'),
        (2021000726, '084.9356A', '33,970'),
        (2021000726, '084.9468B', '33,780'),
        (2021000726, '113.4614', '48,860'),
        (2021000726, '115.401', '51,180'),
        (2021000726, '161.9372', '118,210'),
        (2021000721, '084.8989A', '56,000'),
        (2021000721, '084.9913B', '56,000'),
        (2021000721, '084.9741C', '55,600'),
        (2021000721, '84.763', '55,600'),
        (2021000697, '59.8278', '48,820'),
        (2021000697, '084.9897A', '68,840'),
        (2021000697, '084.9589B', '68,330'),
        (2021000628, '59.9204', '35,480'),
        (2021000628, '084.9398A', '54,190'),
        (2021000628, '084.9906B', '53,580'),
        (2021000628, '084.9963C', '53,460'),
        (2021000683, '077.9977A', '36,400'),
        (2021000683, '077.9957B', '35,400'),
        (2021000683, '084.9818A', '40,500'),
        (2021000683, '084.9885B', '38,400'),
        (2021000682, '059.9784A', '32,300'),
        (2021000682, '059.9706B', '31,000'),
        (2021000682, '059.9854C', '31,300'),
        (2021000682, '072.9610A', '36,500'),
        (2021000682, '072.9637B', '35,500'),
        (2021000682, '084.9818A', '41,500'),
        (2021000682, '084.9865B', '40,500'),
        (2021000679, '059.9322A', '20,890'),
        (2021000679, '059.9322B', '20,850'),
        (2021000679, '74.2722', '25,820'),
        (2021000679, '84.9674', '29,410'),
        (2021000667, '059.9904A', '33,220'),
        (2021000667, '059.9475B', '32,220'),
        (2021000667, '084.9299A', '47,880'),
        (2021000667, '084.8924B', '46,840'),
        (2021000667, '084.9855C', '47,330'),
        (2021000667, '084.9818T', '53,210'),
        (2021000667, '102.7755T', '63,760'),
        (2021000667, '107.8706', '63,770'),
        (2021000606, '084.9735A', '32,969'),
        (2021000606, '084.7712B', '32,937'),
        (2021000606, '084.2552C', '32,720'),
        (2021000744, '059.9800A', '19,044'),
        (2021000744, '059.9900B', '19,047'),
        (2021000744, '059.9700C', '19,040'),
        (2021000744, '059.9800T', '17,901'),
        (2021000744, '059.9900T', '17,904'),
        (2021000744, '059.9701T', '17,898'),
        (2021000744, '059.9702T', '17,898'),
        (2021000735, '059.9400A', '27,290'),
        (2021000735, '059.6400B', '26,694'),
        (2021000735, '059.8400C', '26,765'),
        (2021000735, '074.9600A', '33,275'),
        (2021000735, '074.5200B', '32,860'),
        (2021000735, '084.9500A', '37,724'),
        (2021000735, '084.9600B', '37,086'),
        (2021000695, '084.8280A', '40,010'),
        (2021000695, '084.8689B', '39,950'),
        (2021000695, '084.9668C', '39,860'),
        (2021000695, '114.0832', '57,440'),
        (2021000695, '135.5082', '75,750'),
        (2021000686, '084.9872A', '37,215'),
        (2021000686, '084.9100A', '38,356'),
        (2021000686, '084.9704A', '38,438'),
        (2021000686, '084.9720B', '37,208'),
        (2021000686, '084.9090B', '37,180'),
        (2021000686, '084.9860C', '36,673'),
        (2021000686, '84.9836', '37,505'),
        (2021000725, '74.9969', '36,400'),
        (2021000725, '084.9656A', '42,100'),
        (2021000725, '084.9871B', '42,100'),
        (2021000725, '101.9678', '51,800'),
        (2021000725, '124.0244', '62,900'),
        (2021000696, '059.6236A', '41,066'),
        (2021000696, '059.7656B', '41,066'),
        (2021000696, '074.9929A', '49,669'),
        (2021000696, '074.9744B', '49,993'),
        (2021000696, '074.7312C', '49,507'),
        (2021000696, '83.7111', '53,078'),
        (2021000696, '84.7982', '53,889'),
        (2021000678, '059.8939A', '24,700'),
        (2021000678, '059.9336B', '24,200'),
        (2021000678, '84.6421', '34,800'),
        (2021000678, '084.9646A', '34,800'),
        (2021000678, '084.5380B', '33,900'),
        (2021000678, '084.7155C', '34,000'),
        (2021000678, '084.9249T', '36,500'),
        (2021000635, '084.4086A', '36,940'),
        (2021000635, '084.8494B', '37,320'),
        (2021000635, '109.8024', '49,720'),
        (2021000708, '039.4490A', '30,569'),
        (2021000708, '039.5100B', '30,518'),
        (2021000708, '50.199', '37,826'),
        (2021000708, '059.9800A', '48,065'),
        (2021000708, '059.8820B', '48,245'),
        (2021000708, '74.642', '63,025'),
        (2021000708, '84.874', '76,413'),
        (2021000707, '084.9942A', '46,300'),
        (2021000707, '084.9366B', '46,000'),
        (2021000707, '084.9882C', '46,600'),
        (2021000707, '84.9882', '45,900'),
        (2021000699, '046.6000A', '37,500'),
        (2021000699, '052.3980B', '41,000'),
        (2021000699, '53.28', '45,400'),
        (2021000699, '058.0410C', '45,000'),
        (2021000671, '059.9947A', '27,200'),
        (2021000671, '059.9945B', '26,600'),
        (2021000671, '084.9594A', '38,400'),
        (2021000671, '084.9750B', '38,300'),
        (2021000671, '084.9709C', '37,700'),
        (2021000698, '75.9897', '41,700'),
        (2021000698, '084.9152A', '47,500'),
        (2021000698, '084.9538B', '46,700'),
        (2021000698, '117.9464', '66,500'),
        (2021000676, '048.8767A', '27,112'),
        (2021000676, '051.3704B', '30,921'),
        (2021000676, '066.1546C', '39,678'),
        (2021000623, '077.9189A', '40,800'),
        (2021000623, '077.8676B', '40,500'),
        (2021000623, '077.9189C', '42,100'),
        (2021000623, '108.3960A', '101,300'),
        (2021000623, '108.7421B', '101,800'),
        (2021000561, '82.1272', '42,100'),
        (2021000561, '82.8628', '42,100'),
        (2021000561, '082.8628B', '42,700'),
        (2021000561, '082.1272C', '42,400'),
        (2021000561, '83.4815', '41,900'),
        (2021000561, '083.4815A', '42,900'),
        (2021000681, '059.8867A', '24,660'),
        (2021000681, '059.9673B', '24,660'),
        (2021000681, '084.9507A', '34,650'),
        (2021000681, '084.6445B', '34,650'),
        (2021000579, '39.25', '14,840'),
        (2021000579, '059.9400A', '26,440'),
        (2021000579, '059.9800B', '26,630'),
        (2021000579, '74.99', '33,270'),
        (2021000579, '084.9800A', '35,260'),
        (2021000579, '084.9800B', '34,600'),
        (2021000579, '084.9600C', '34,910'),
        (2021000579, '84.96', '34,910'),
        (2021000572, '061.7782A', '42,230'),
        (2021000572, '061.0392B', '42,390'),
        (2021000572, '061.5456C', '42,320'),
        (2021000572, '61.8928', '43,130'),
        (2021000572, '061.0026E', '42,000'),
        (2021000572, '61.6038', '42,790'),
        (2021000693, '059.8326A', '21,007'),
        (2021000693, '059.9093B', '23,060'),
        (2021000693, '059.8819C', '21,101'),
        (2021000672, '054.9400A', '29,923'),
        (2021000672, '084.1400A', '56,858'),
        (2021000672, '084.2700B', '56,899'),
        (2021000672, '084.4800C', '56,845'),
        (2021000672, '84.98', '56,900'),
        (2021000672, '085.0000A', '55,835'),
        (2021000672, '088.6900A', '67,784'),
        (2021000672, '103.7800A', '64,319'),
        (2021000672, '104.6100A', '66,540'),
        (2021000627, '059.9570A', '26,800'),
        (2021000627, '059.9669B', '26,500'),
        (2021000626, '059.9570A', '27,400'),
        (2021000626, '059.9669B', '27,100'),
        (2021000626, '071.9950A', '32,200'),
        (2021000626, '071.9635B', '31,900'),
        (2021000626, '084.9495A', '37,300'),
        (2021000656, '54.4924', '21,220'),
        (2021000656, '66.8358', '26,310'),
        (2021000656, '084.9498A', '33,780'),
        (2021000656, '084.9498B', '34,790'),
        (2021000687, '047.9816A', '35,750'),
        (2021000687, '047.9558B', '35,200'),
        (2021000687, '059.9698A', '44,000'),
        (2021000687, '059.9712C', '42,900'),
        (2021000687, '59.9824', '42,900'),
        (2021000687, '074.9245A', '52,250'),
        (2021000687, '074.9691B', '53,350'),
        (2021000687, '084.8145B', '60,500'),
        (2021000680, '059.9307A', '28,800'),
        (2021000680, '076.6182A', '36,500'),
        (2021000680, '084.9598A', '40,900'),
        (2021000680, '084.9598B', '40,900'),
        (2021000680, '084.9260C', '40,800'),
        (2021000680, '84.9598', '48,500'),
        (2021000680, '084.9598E', '48,500'),
        (2021000655, '084.3250A', '52,300'),
        (2021000655, '084.6160B', '51,530'),
        (2021000655, '084.8040C', '53,020'),
        (2021000655, '84.707', '51,530'),
        (2021000655, '109.4590C', '85,054'),
        (2021000655, '116.1390A', '87,938'),
        (2021000655, '117.1550B', '86,553'),
        (2021000655, '117.246', '86,606'),
        (2021000654, '084.3250A', '52,300'),
        (2021000654, '084.6160B', '51,530'),
        (2021000654, '084.8040C', '53,020'),
        (2021000654, '84.707', '51,530'),
        (2021000654, '109.4590C', '85,054'),
        (2021000654, '116.1390A', '87,938'),
        (2021000654, '117.1550B', '86,553'),
        (2021000654, '117.246', '86,606'),
        (2021000634, '075.9670A', '25,600'),
        (2021000634, '075.9287B', '25,600'),
        (2021000634, '084.9419A', '28,500'),
        (2021000634, '084.8858B', '28,500'),
        (2021000616, '059.9841A', '26,610'),
        (2021000616, '059.9849B', '26,610'),
        (2021000616, '74.9803', '33,050'),
        (2021000616, '084.9838A', '37,440'),
        (2021000616, '084.9838B', '38,440'),
        (2021000616, '084.9896C', '37,440'),
        (2021000564, '059.9994A', '24,916'),
        (2021000564, '059.9635B', '24,864'),
        (2021000564, '084.8411A', '34,719'),
        (2021000564, '084.9997B', '35,000'),
        (2021000564, '116.9729', '52,532'),
        (2021000564, '146.5346', '74,304'),
        (2021000564, '196.9913', '99,993'),
        (2021000516, '084.0964A', '80,607'),
        (2021000516, '084.0964B', '79,897'),
        (2021000516, '084.8514C', '80,391'),
        (2021000516, '84.0835', '80,527'),
        (2021000516, '084.2087E', '79,849'),
        (2021000516, '84.2087', '80,561'),
        (2021000516, '084.1277G', '79,057'),
        (2021000516, '084.0593H', '77,951'),
        (2021000516, '084.0505I', '77,284'),
        (2021000516, '084.3580J', '79,491'),
        (2021000516, '084.2924K', '80,289'),
        (2021000516, '084.2718L', '79,138'),
        (2021000516, '084.4162M', '79,737'),
        (2021000516, '084.2515N', '79,763'),
        (2021000516, '084.0536O', '78,959'),
        (2021000516, '084.2410P', '80,127'),
        (2021000516, '084.2410Q', '79,965'),
        (2021000516, '084.5069R', '77,135'),
        (2021000516, '084.0754S', '78,137'),
        (2021000516, '084.0941T', '78,477'),
        (2021000617, '74.95', '52,900'),
        (2021000617, '84.87', '58,800'),
        (2021000617, '101.13', '69,300'),
        (2021000675, '059.9448A', '36,052'),
        (2021000675, '059.9525B', '35,000'),
        (2021000675, '059.9448C', '34,809'),
        (2021000675, '065.0978A', '38,464'),
        (2021000675, '065.0978B', '37,862'),
        (2021000675, '084.9897A', '50,576'),
        (2021000675, '084.9099B', '49,595'),
        (2021000675, '084.9897C', '50,739'),
        (2021000664, '74.7945', '28,250'),
        (2021000664, '84.9053', '31,880'),
        (2021000664, '84.9863', '32,370'),
        (2021000653, '049.5923A', '54,521'),
        (2021000653, '049.5923B', '53,938'),
        (2021000653, '059.9793A', '66,651'),
        (2021000653, '059.7632B', '68,298'),
        (2021000653, '059.9793C', '66,709'),
        (2021000653, '59.7632', '68,357'),
        (2021000620, '074.7500A', '33,230'),
        (2021000620, '074.8400B', '32,940'),
        (2021000620, '074.9800C', '32,840'),
        (2021000620, '084.9700A', '37,770'),
        (2021000620, '084.8900B', '37,740'),
        (2021000620, '084.7600C', '37,310'),
        (2021000620, '84.94', '37,390'),
        (2021000463, '084.9389A', '63,600'),
        (2021000463, '084.3549B', '61,000'),
        (2021000463, '084.9198C', '62,730'),
        (2021000463, '84.9389', '63,720'),
        (2021000463, '084.9962E', '60,530'),
        (2021000463, '084.9928G', '63,020'),
        (2021000463, '084.8120H', '62,090'),
        (2021000463, '084.9976I', '63,480'),
        (2021000657, '060.9700A', '72,440'),
        (2021000657, '060.9000B', '71,180'),
        (2021000657, '69.92', '82,380'),
        (2021000657, '84.56', '98,540'),
        (2021000625, '084.9662A', '41,200'),
        (2021000625, '084.9718B', '40,200'),
        (2021000625, '084.7824C', '40,500'),
        (2021000625, '99.3107', '47,200'),
        (2021000625, '109.7953', '49,800'),
        (2021000602, '75.596', '28,420'),
        (2021000602, '084.8009A', '31,750'),
        (2021000602, '084.9199B', '31,800'),
        (2021000602, '084.9403C', '30,690'),
        (2021000602, '117.1883', '70,222'),
        (2021000602, '122.4271A', '74,521'),
        (2021000602, '122.4896B', '74,653'),
        (2021000633, '059.9336A', '43,760'),
        (2021000633, '059.7983B', '42,650'),
        (2021000633, '074.6698A', '52,060'),
        (2021000629, '35.4192', '7,105'),
        (2021000629, '059.9370A', '12,830'),
        (2021000629, '059.9567B', '12,710'),
        (2021000629, '059.9519C', '12,450'),
        (2021000610, '084.6218A', '35,690'),
        (2021000610, '084.6218B', '35,180'),
        (2021000610, '084.8796C', '33,990'),
        (2021000610, '128.9523', '69,170'),
        (2021000604, '084.6679A', '58,000'),
        (2021000604, '084.7934B', '56,500'),
        (2021000604, '084.7217C', '57,000'),
        (2021000601, '050.4330A', '76,000'),
        (2021000601, '050.4380B', '74,000'),
        (2021000601, '051.4210A', '74,630'),
        (2021000601, '051.4210B', '74,630'),
        (2021000601, '052.2180A', '75,630'),
        (2021000601, '052.2180B', '75,630'),
        (2021000601, '054.8030A', '78,000'),
        (2021000601, '054.8030B', '77,130'),
        (2021000600, '065.5700A', '28,800'),
        (2021000600, '065.2600B', '29,100'),
        (2021000600, '065.0200C', '27,200'),
        (2021000600, '65.15', '27,500'),
        (2021000600, '075.9700A', '33,300'),
        (2021000600, '075.8100B', '33,000'),
        (2021000589, '59.146', '40,500'),
        (2021000605, '59.9919', '43,100'),
        (2021000605, '059.9919C', '45,500'),
        (2021000605, '069.2114B', '52,300'),
        (2021000605, '077.6290A', '58,500'),
        (2021000591, '064.9300A', '33,000'),
        (2021000591, '064.9900B', '30,000'),
        (2021000591, '064.9300C', '39,600'),
        (2021000591, '64.99', '36,600'),
        (2021000591, '070.0500A', '34,200'),
        (2021000591, '070.0500B', '40,800'),
        (2021000596, '084.9908A', '33,500'),
        (2021000596, '084.9396B', '33,300'),
        (2021000596, '084.9344T', '33,500'),
        (2021000582, '66.8113', '55,560'),
        (2021000582, '68.9883', '57,600'),
        (2021000582, '84.997', '70,220'),
        (2021000580, '084.8849A', '33,600'),
        (2021000580, '084.6846C', '33,400'),
        (2021000580, '84.9461', '35,000'),
        (2021000580, '114.8544A', '44,700'),
        (2021000580, '114.7426B', '45,100'),
        (2021000580, '114.9968P', '69,800'),
        (2021000580, '117.6292A', '46,500'),
        (2021000580, '139.8321P', '84,900'),
        (2021000580, '139.2157P', '84,500'),
        (2021000580, '139.9603P', '84,900'),
        (2021000580, '139.8177P', '84,900'),
        (2021000580, '145.8463P', '88,500'),
        (2021000580, '145.3377P', '88,200'),
        (2021000603, '060.7281A', '33,200'),
        (2021000603, '060.5685B', '32,500'),
        (2021000603, '084.9749A', '47,800'),
        (2021000603, '084.9217B', '46,900'),
        (2021000578, '59.9568', '35,940'),
        (2021000578, '059.6481A', '34,920'),
        (2021000578, '059.6538B', '35,690'),
        (2021000578, '059.9982C', '34,050'),
        (2021000578, '59.9982', '34,450'),
        (2021000578, '072.0452A', '41,140'),
        (2021000578, '072.0506B', '41,010'),
        (2021000578, '072.6719C', '39,890'),
        (2021000578, '72.6572', '40,360'),
        (2021000578, '072.7590E', '42,240'),
        (2021000578, '84.5115', '47,950'),
        (2021000578, '084.7822A', '46,770'),
        (2021000578, '084.3879B', '46,520'),
        (2021000578, '084.7822C', '47,790'),
        (2021000578, '84.4409', '45,310'),
        (2021000578, '084.4409E', '45,850'),
        (2021000578, '105.3774', '79,190'),
        (2021000559, '84.99', '87,260'),
        (2021000559, '84.81', '86,150'),
        (2021000559, '084.9900A', '85,250'),
        (2021000559, '084.8100B', '84,140'),
        (2021000536, '66.2324', '54,710'),
        (2021000536, '68.0982', '56,430'),
        (2021000536, '069.0984A', '52,280'),
        (2021000536, '069.0237B', '57,780'),
        (2021000587, '059.9821A', '24,845'),
        (2021000587, '059.9931B', '24,621'),
        (2021000569, '084.9938A', '54,614'),
        (2021000569, '084.9773B', '56,236'),
        (2021000569, '084.9773C', '56,236'),
        (2021000569, '84.4405', '56,236'),
        (2021000569, '084.9972E', '53,903'),
        (2021000569, '84.8672', '55,525'),
        (2021000569, '084.8452G', '55,525'),
        (2021000569, '084.3084H', '55,525'),
        (2021000569, '084.9889I', '50,470'),
        (2021000569, '084.8589J', '55,099'),
        (2021000569, '084.3001K', '55,087'),
        (2021000569, '084.3001L', '54,614'),
        (2021000343, '68.9262', '25,450'),
        (2021000343, '84.9673', '31,700'),
        (2021000343, '84.9022', '31,700'),
        (2021000554, '059.7300A', '36,100'),
        (2021000554, '059.9700B', '35,100'),
        (2021000554, '059.9700C', '33,200'),
        (2021000554, '59.89', '34,300'),
        (2021000554, '059.9700E', '33,000'),
        (2021000554, '67.48', '41,000'),
        (2021000584, '59.8008', '33,900'),
        (2021000584, '84.465', '45,800'),
        (2021000583, '65.9649', '34,800'),
        (2021000583, '84.465', '45,800'),
        (2021000583, '105.6849', '59,000'),
        (2021000563, '84.9805', '65,000'),
        (2021000563, '89.0525', '69,500'),
        (2021000563, '101.0192', '66,500'),
        (2021000556, '084.6825A', '30,000'),
        (2021000556, '084.7634B', '29,700'),
        (2021000517, '54.8736', '23,100'),
        (2021000517, '065.7289A', '28,100'),
        (2021000517, '065.4777B', '27,650'),
        (2021000517, '065.3007C', '28,070'),
        (2021000517, '65.3007', '28,070'),
        (2021000517, '75.7226', '32,380'),
        (2021000517, '084.9286A', '35,570'),
        (2021000517, '084.7415B', '35,470'),
        (2021000581, '084.9978A', '53,500'),
        (2021000581, '084.9661B', '53,500'),
        (2021000581, '084.9759C', '53,500'),
        (2021000581, '84.9812', '51,500'),
        (2021000581, '119.9945A', '70,500'),
        (2021000581, '119.8410B', '67,800');

insert into APT_INFO_RECEIPT (INFO_RECEIPT_ID, HOMEPAGE, PRIORITY_APPLICABLE_AREA_END, PRIORITY_APPLICABLE_AREA_START, PRIORITY_GYEONGGI_AREA_END, PRIORITY_GYEONGGI_AREA_START, PRIORITY_OTHER_AREA_END, PRIORITY_OTHER_AREA_START, SECOND_APPLICABLE_AREA_END, SECOND_APPLICABLE_AREA_START, SECOND_GYEONGGI_AREA_END, SECOND_GYEONGGI_AREA_START, SECOND_OTHER_AREA_END, SECOND_OTHER_AREA_START, SPECIAL_RECEPTION_END_DATE, SPECIAL_RECEPTION_START_DATE, NOTIFICATION_NUMBER_ID)
values  (1, 'http://djcielio-switzen.com/', '2021-11-30', null, null, null, '2021-12-01', null, '2021-12-02', null, null, null, '2021-12-02', null, '2021-11-29', '2021-11-29', 2021000868),
        (2, 'https://blog.naver.com/kkvista', '2021-11-25', null, null, null, '2021-11-26', null, '2021-11-29', null, null, null, '2021-11-29', null, null, null, 2021000854),
        (3, 'http://www.남원2차오투그란데.kr', '2021-11-26', null, null, null, '2021-11-26', null, '2021-11-29', null, null, null, '2021-11-29', null, '2021-11-25', '2021-11-25', 2021000749),
        (4, 'https://junjingroup.co.kr', '2021-11-24', null, null, null, '2021-11-24', null, '2021-11-25', null, null, null, '2021-11-25', null, '2021-11-23', '2021-11-23', 2021000863),
        (5, 'https://www.hillstate-hec.co.kr/daeyeon-central', '2021-11-23', null, null, null, '2021-11-24', null, '2021-11-25', null, null, null, '2021-11-25', null, '2021-11-22', '2021-11-22', 2021000857),
        (6, 'http://hillstate-hec.co.kr/oryong', '2021-11-24', null, null, null, '2021-11-24', null, '2021-11-25', null, null, null, '2021-11-25', null, '2021-11-23', '2021-11-23', 2021000851),
        (7, 'http://hillstate-hec.co.kr/oryong', '2021-11-24', null, null, null, '2021-11-24', null, '2021-11-25', null, null, null, '2021-11-25', null, '2021-11-23', '2021-11-23', 2021000850),
        (8, 'https://buksuwon-haustory.com', '2021-11-23', null, null, null, '2021-11-24', null, '2021-11-25', null, null, null, '2021-11-25', null, '2021-11-22', '2021-11-22', 2021000831),
        (9, 'http://www.kihae.co.kr', '2021-11-23', null, null, null, '2021-11-24', null, '2021-11-25', null, null, null, '2021-11-25', null, '2021-11-22', '2021-11-22', 2021000829),
        (10, 'http://uj-penterium.com/', '2021-11-24', null, '2021-11-24', null, '2021-11-24', null, '2021-11-25', null, '2021-11-25', null, '2021-11-25', null, '2021-11-23', '2021-11-23', 2021000827),
        (11, 'https://www.pj-jeil3.co.kr', '2021-11-23', null, '2021-11-23', null, '2021-11-23', null, '2021-11-24', null, '2021-11-24', null, '2021-11-24', null, '2021-11-22', '2021-11-22', 2021000825),
        (12, 'http://db-seohanedaum.com/', '2021-11-30', null, null, null, '2021-12-01', null, '2021-12-02', null, null, null, '2021-12-02', null, '2021-11-29', '2021-11-29', 2021000801),
        (13, 'http://unam.moaelgaa.co.kr', '2021-11-23', null, null, null, '2021-11-24', null, '2021-11-25', null, null, null, '2021-11-25', null, '2021-11-22', '2021-11-22', 2021000796),
        (14, 'http://elium-pohang.co.kr/', '2021-11-25', null, null, null, '2021-11-25', null, '2021-11-26', null, null, null, '2021-11-26', null, '2021-11-24', '2021-11-24', 2021000781),
        (15, 'http://elium-pohang.co.kr/', '2021-11-25', null, null, null, '2021-11-25', null, '2021-11-26', null, null, null, '2021-11-26', null, '2021-11-24', '2021-11-24', 2021000772),
        (16, 'http://gj-xirn.com', '2021-11-23', null, null, null, '2021-11-23', null, '2021-11-24', null, null, null, '2021-11-24', null, '2021-11-22', '2021-11-22', 2021000795),
        (17, 'http://gwangju-ipark.co.kr', '2021-11-19', null, null, null, '2021-11-22', null, '2021-11-23', null, null, null, '2021-11-23', null, '2021-11-18', '2021-11-18', 2021000794),
        (18, 'http://thefirst-ihanulche.co.kr', '2021-11-16', null, null, null, '2021-11-17', null, '2021-11-18', null, null, null, '2021-11-18', null, null, null, 2021000833),
        (19, 'https://xi.co.kr/sd2', '2021-11-15', null, null, null, '2021-11-15', null, '2021-11-16', null, null, null, '2021-11-16', null, null, null, 2021000830),
        (20, 'http://thefirst-ihanulche.co.kr', '2021-11-16', null, null, null, '2021-11-17', null, '2021-11-18', null, null, null, '2021-11-18', null, null, null, 2021000828),
        (21, 'http://www.더샵동성로센트리엘.kr', '2021-11-16', null, null, null, '2021-11-17', null, '2021-11-18', null, null, null, '2021-11-18', null, '2021-11-15', '2021-11-15', 2021000819),
        (22, 'http://www.hobansummit-nwj.co.kr/', '2021-11-16', null, null, null, '2021-11-16', null, '2021-11-17', null, null, null, '2021-11-17', null, '2021-11-15', '2021-11-15', 2021000807),
        (23, 'http://www.양수역이지움리버뷰.com/', '2021-11-16', null, null, null, '2021-11-16', null, '2021-11-17', null, null, null, '2021-11-17', null, '2021-11-15', '2021-11-15', 2021000792),
        (24, 'http://반월역두산위브더센트럴.com', '2021-11-16', null, null, null, '2021-11-17', null, '2021-11-18', null, null, null, '2021-11-18', null, '2021-11-15', '2021-11-15', 2021000790),
        (25, 'http://www.금촌역신일더루츠.com', '2021-11-16', null, null, null, '2021-11-17', null, '2021-11-18', null, null, null, '2021-11-18', null, '2021-11-15', '2021-11-15', 2021000816),
        (26, 'http://www.hobansummit-bs.co.kr', '2021-11-16', null, null, null, '2021-11-17', null, '2021-11-18', null, null, null, '2021-11-18', null, '2021-11-15', '2021-11-15', 2021000814),
        (27, 'http://hisk.co.kr/', '2021-11-16', null, null, null, '2021-11-17', null, '2021-11-18', null, null, null, '2021-11-18', null, '2021-11-15', '2021-11-15', 2021000793),
        (28, 'http://두산위브더제니스센트럴여의.com', '2021-11-15', null, null, null, '2021-11-16', null, '2021-11-17', null, null, null, '2021-11-17', null, '2021-11-12', '2021-11-12', 2021000803),
        (29, 'https://www.lynn.co.kr', '2021-11-12', null, null, null, '2021-11-12', null, '2021-11-15', null, null, null, '2021-11-15', null, '2021-11-11', '2021-11-11', 2021000822),
        (30, 'https://ys-jeil.co.kr/', '2021-11-09', null, null, null, '2021-11-09', null, '2021-11-10', null, null, null, '2021-11-10', null, '2021-11-08', '2021-11-08', 2021000799),
        (31, 'http://centralcity-seohee.com/', '2021-11-09', null, null, null, '2021-11-10', null, '2021-11-11', null, null, null, '2021-11-11', null, '2021-11-08', '2021-11-08', 2021000782),
        (32, 'http://www.ochi-gwangshin.com', '2021-11-09', null, null, null, '2021-11-10', null, '2021-11-11', null, null, null, '2021-11-11', null, '2021-11-08', '2021-11-08', 2021000765),
        (33, 'https://www.i-park.com/pohang', '2021-11-09', null, null, null, '2021-11-09', null, '2021-11-10', null, null, null, '2021-11-10', null, '2021-11-08', '2021-11-08', 2021000736),
        (34, 'http://jangyu.xi.co.kr', '2021-11-09', null, null, null, '2021-11-09', null, '2021-11-10', null, null, null, '2021-11-10', null, '2021-11-08', '2021-11-08', 2021000722),
        (35, 'http://www.hillstate.co.kr/s/#apsan_central', '2021-11-09', null, null, null, '2021-11-10', null, '2021-11-11', null, null, null, '2021-11-11', null, '2021-11-08', '2021-11-08', 2021000802),
        (36, 'http://www.dongwonapt.co.kr/mudong1/', '2021-11-10', null, null, null, '2021-11-11', null, '2021-11-12', null, null, null, '2021-11-12', null, '2021-11-09', '2021-11-09', 2021000800),
        (37, 'http://hanulche-elcentro.com/', '2021-11-09', null, null, null, '2021-11-10', null, '2021-11-11', null, null, null, '2021-11-11', null, '2021-11-08', '2021-11-08', 2021000784),
        (38, 'http://yj-centreville.co.kr/', '2021-11-08', null, null, null, '2021-11-08', null, '2021-11-09', null, null, null, '2021-11-09', null, '2021-11-05', '2021-11-05', 2021000704),
        (39, 'https://www.prugio.com/hb/2021/unjeong', '2021-11-02', null, '2021-11-02', null, '2021-11-02', null, '2021-11-03', null, '2021-11-03', null, '2021-11-03', null, '2021-11-01', '2021-11-01', 2021000780),
        (40, 'http://sujain-ed.co.kr/', '2021-11-02', null, null, null, '2021-11-03', null, '2021-11-04', null, null, null, '2021-11-04', null, '2021-11-01', '2021-11-01', 2021000777),
        (41, 'http://pc-sweetm.co.kr', '2021-11-02', null, null, null, '2021-11-02', null, '2021-11-03', null, null, null, '2021-11-03', null, '2021-11-01', '2021-11-01', 2021000739),
        (42, 'http://www.first-elcru.co.kr', '2021-11-02', null, null, null, '2021-11-03', null, '2021-11-04', null, null, null, '2021-11-04', null, '2021-11-01', '2021-11-01', 2021000677),
        (43, 'http://sambu-theterrace.co.kr/', '2021-10-26', null, null, null, '2021-10-26', null, '2021-10-27', null, null, null, '2021-10-27', null, '2021-10-25', '2021-10-25', 2021000774),
        (44, 'http://www.송도센트럴파크리버리치.com', '2021-10-26', null, null, null, '2021-10-26', null, '2021-10-27', null, null, null, '2021-10-27', null, '2021-10-25', '2021-10-25', 2021000770),
        (45, 'http://siji-centreville.com/', '2021-10-26', null, null, null, '2021-10-27', null, '2021-10-28', null, null, null, '2021-10-28', null, '2021-10-25', '2021-10-25', 2021000761),
        (46, 'https://xi.co.kr/objet', '2021-10-26', null, null, null, '2021-10-27', null, '2021-10-28', null, null, null, '2021-10-28', null, '2021-10-25', '2021-10-25', 2021000748),
        (47, 'https://hanwha.forena.co.kr/jejujungmun', '2021-10-25', null, null, null, '2021-10-25', null, '2021-10-26', null, null, null, '2021-10-26', null, null, null, 2021000731),
        (48, 'http://www.신진주역세권데시앙.com', '2021-10-27', null, null, null, '2021-10-27', null, '2021-10-28', null, null, null, '2021-10-28', null, '2021-10-26', '2021-10-26', 2021000710),
        (49, 'http://as-thehue.com', '2021-10-26', null, null, null, '2021-10-27', null, '2021-10-28', null, null, null, '2021-10-28', null, '2021-10-25', '2021-10-25', 2021000700),
        (50, 'http://경주웰라움더테라스.com', '2021-10-26', null, null, null, '2021-10-26', null, '2021-10-27', null, null, null, '2021-10-27', null, '2021-10-25', '2021-10-25', 2021000773),
        (51, 'http://www.hutisoceancity.com/', '2021-10-25', null, null, null, '2021-10-25', null, '2021-10-26', null, null, null, '2021-10-26', null, '2021-10-22', '2021-10-22', 2021000646),
        (52, 'http://www.np-sclass.com/', '2021-10-20', null, null, null, '2021-10-20', null, '2021-10-21', null, null, null, '2021-10-21', null, '2021-10-19', '2021-10-18', 2021000760),
        (53, 'http://녹동승원팰리체.com', '2021-10-14', null, null, null, '2021-10-14', null, '2021-10-15', null, null, null, '2021-10-15', null, '2021-10-13', '2021-10-13', 2021000759),
        (54, 'http://hakgok.moaelgaa.co.kr/', '2021-10-19', null, null, null, '2021-10-19', null, '2021-10-20', null, null, null, '2021-10-20', null, '2021-10-18', '2021-10-18', 2021000752),
        (55, 'http://xi.co.kr/dhh', '2021-10-19', null, null, null, '2021-10-19', null, '2021-10-20', null, null, null, '2021-10-20', null, '2021-10-18', '2021-10-18', 2021000726),
        (56, 'http://namgu-jinariche.com', '2021-10-19', null, null, null, '2021-10-20', null, '2021-10-21', null, null, null, '2021-10-21', null, '2021-10-18', '2021-10-18', 2021000721),
        (57, 'http://misozium-thefirst.com', '2021-10-20', null, null, null, '2021-10-21', null, '2021-10-22', null, null, null, '2021-10-22', null, '2021-10-19', '2021-10-19', 2021000697),
        (58, 'http://sslake.iusell.co.kr', '2021-10-19', null, null, null, '2021-10-20', null, '2021-10-21', null, null, null, '2021-10-21', null, '2021-10-18', '2021-10-18', 2021000628),
        (59, 'http://osan-sclass.com/', '2021-10-13', null, '2021-10-13', null, '2021-10-13', null, '2021-10-14', null, '2021-10-14', null, '2021-10-14', null, '2021-10-12', '2021-10-12', 2021000683),
        (60, 'http://osan-sclass.com/', '2021-10-13', null, '2021-10-13', null, '2021-10-13', null, '2021-10-14', null, '2021-10-14', null, '2021-10-14', null, '2021-10-12', '2021-10-12', 2021000682),
        (61, 'https://www.완주이서-양우내안애퍼스트힐.com', '2021-10-13', null, null, null, '2021-10-13', null, '2021-10-14', null, null, null, '2021-10-14', null, '2021-10-12', '2021-10-12', 2021000679),
        (62, 'https://xi.co.kr/ICK', '2021-10-13', null, null, null, '2021-10-13', null, '2021-10-14', null, null, null, '2021-10-14', null, '2021-10-12', '2021-10-12', 2021000667),
        (63, 'http://www.전주모아미래도.com', '2021-10-14', null, null, null, '2021-10-15', null, '2021-10-18', null, null, null, '2021-10-18', null, '2021-10-13', '2021-10-13', 2021000606),
        (64, 'http://apply.lh.or.kr', '2021-10-14', null, null, null, '2021-10-14', null, '2021-10-15', null, null, null, '2021-10-15', null, null, null, 2021000744),
        (65, 'http://www.리더스시티.com', '2021-10-14', null, null, null, '2021-10-15', null, '2021-10-18', null, null, null, '2021-10-18', null, '2021-10-13', '2021-10-13', 2021000735),
        (66, 'http://www.교동하늘채.com', '2021-10-13', null, null, null, '2021-10-13', null, '2021-10-14', null, null, null, '2021-10-14', null, '2021-10-12', '2021-10-12', 2021000695),
        (67, 'http://ayang-haav.co.kr/', '2021-10-13', null, '2021-10-13', null, '2021-10-13', null, '2021-10-14', null, '2021-10-14', null, '2021-10-14', null, '2021-10-12', '2021-10-12', 2021000686),
        (68, 'http://www.더샵진주피에르테.kr', '2021-10-13', null, null, null, '2021-10-13', null, '2021-10-14', null, null, null, '2021-10-14', null, '2021-10-12', '2021-10-12', 2021000725),
        (69, 'http://jije-thesharp.com/', '2021-10-07', null, null, null, '2021-10-08', null, '2021-10-12', null, null, null, '2021-10-12', null, null, null, 2021000696),
        (70, 'http://www.신경주더퍼스트데시앙.com/', '2021-10-06', null, null, null, '2021-10-06', null, '2021-10-07', null, null, null, '2021-10-07', null, '2021-10-05', '2021-10-05', 2021000678),
        (71, 'http://gj-ubora.com', '2021-10-06', null, null, null, '2021-10-06', null, '2021-10-07', null, null, null, '2021-10-07', null, '2021-10-05', '2021-10-05', 2021000635),
        (72, 'http://www.더샵하남에디피스.kr', '2021-10-06', null, null, null, '2021-10-07', null, '2021-10-08', null, null, null, '2021-10-08', null, '2021-10-05', '2021-10-05', 2021000708),
        (73, 'http://pt-dmtheest.co.kr/', '2021-10-06', null, null, null, '2021-10-07', null, '2021-10-08', null, null, null, '2021-10-08', null, '2021-10-05', '2021-10-05', 2021000707),
        (74, 'https://www.송도대경스위트리아파크뷰.com', '2021-10-06', null, null, null, '2021-10-06', null, '2021-10-07', null, null, null, '2021-10-07', null, '2021-10-05', '2021-10-05', 2021000699),
        (75, 'https://www.hillstate.co.kr/s/#gapyeong_thenewclass', '2021-10-06', null, null, null, '2021-10-06', null, '2021-10-07', null, null, null, '2021-10-07', null, '2021-10-05', '2021-10-05', 2021000671),
        (76, 'http://gyeongju.bestium.co.kr/', '2021-09-30', null, null, null, '2021-09-30', null, '2021-10-01', null, null, null, '2021-10-01', null, '2021-09-29', '2021-09-29', 2021000698),
        (77, null, '2021-09-28', null, null, null, '2021-09-29', null, '2021-09-30', null, null, null, '2021-09-30', null, '2021-09-27', '2021-09-27', 2021000676),
        (78, 'http://양평우방아이유쉘에코리버.com', '2021-09-29', null, null, null, '2021-09-29', null, '2021-09-30', null, null, null, '2021-09-30', null, '2021-09-28', '2021-09-28', 2021000623),
        (79, 'https://blog.naver.com/jejubuildingsale', '2021-09-27', null, null, null, '2021-09-27', null, '2021-09-28', null, null, null, '2021-09-28', null, null, null, 2021000561),
        (80, 'http://wj-egthe1.co.kr/', '2021-09-28', null, null, null, '2021-09-28', null, '2021-09-29', null, null, null, '2021-09-29', null, '2021-09-27', '2021-09-27', 2021000681),
        (81, 'https://www.thesharp.co.kr', '2021-09-29', null, null, null, '2021-09-30', null, '2021-10-01', null, null, null, '2021-10-01', null, '2021-09-28', '2021-09-28', 2021000579),
        (82, 'http://www.낙민역삼정그린코아더시티.com/', '2021-10-06', null, null, null, '2021-10-07', null, '2021-10-08', null, null, null, '2021-10-08', null, '2021-10-05', '2021-10-05', 2021000572),
        (83, 'https://www.현동남양휴튼.com', '2021-09-28', null, null, null, '2021-09-28', null, '2021-09-29', null, null, null, '2021-09-29', null, '2021-09-27', '2021-09-27', 2021000693),
        (84, null, '2021-09-27', null, null, null, '2021-09-27', null, '2021-09-28', null, null, null, '2021-09-28', null, null, null, 2021000672),
        (85, 'http://www.gh-starhills.com', '2021-09-29', null, null, null, '2021-09-29', null, '2021-09-30', null, null, null, '2021-09-30', null, '2021-09-28', '2021-09-28', 2021000627),
        (86, 'http://www.gh-starhills.com', '2021-09-29', null, null, null, '2021-09-29', null, '2021-09-30', null, null, null, '2021-09-30', null, '2021-09-28', '2021-09-28', 2021000626),
        (87, 'https://www.mgtrust.co.kr', '2021-09-24', null, null, null, '2021-09-24', null, '2021-09-27', null, null, null, '2021-09-27', null, '2021-09-23', '2021-09-23', 2021000656),
        (88, 'https://www.centreville.co.kr/', '2021-09-23', null, null, null, '2021-09-24', null, '2021-09-27', null, null, null, '2021-09-27', null, null, null, 2021000687),
        (89, 'http://hanulche-riverview.com', '2021-09-24', null, null, null, '2021-09-27', null, '2021-09-28', null, null, null, '2021-09-28', null, '2021-09-23', '2021-09-23', 2021000680),
        (90, 'https://urbane.villiv.co.kr', '2021-09-24', null, null, null, '2021-09-24', null, '2021-09-27', null, null, null, '2021-09-27', null, '2021-09-23', '2021-09-23', 2021000655),
        (91, 'https://urbane.villiv.co.kr', '2021-09-24', null, null, null, '2021-09-24', null, '2021-09-27', null, null, null, '2021-09-27', null, '2021-09-23', '2021-09-23', 2021000654),
        (92, 'http://www.안동영무예다음.com', '2021-09-24', null, null, null, '2021-09-24', null, '2021-09-27', null, null, null, '2021-09-27', null, '2021-09-23', '2021-09-23', 2021000634),
        (93, 'http://paju2-dmapt.co.kr/', '2021-09-29', null, null, null, '2021-09-29', null, '2021-09-30', null, null, null, '2021-09-30', null, '2021-09-28', '2021-09-28', 2021000616),
        (94, 'http://빛가람코오롱하늘채.kr', '2021-09-16', null, null, null, '2021-09-16', null, '2021-09-17', null, null, null, '2021-09-17', null, '2021-09-15', '2021-09-15', 2021000564),
        (95, 'https://www.elife.co.kr/', '2021-09-28', null, null, null, '2021-09-28', null, '2021-09-29', null, null, null, '2021-09-29', null, '2021-09-27', '2021-09-27', 2021000516),
        (96, 'http://cityociel4.com', '2021-09-28', null, null, null, '2021-09-29', null, '2021-09-30', null, null, null, '2021-09-30', null, '2021-09-27', '2021-09-27', 2021000617),
        (97, 'http://www.buam.co.kr', '2021-09-14', null, null, null, '2021-09-15', null, '2021-09-16', null, null, null, '2021-09-16', null, '2021-09-13', '2021-09-13', 2021000675),
        (98, 'http://gy-halla.com', '2021-09-14', null, null, null, '2021-09-15', null, '2021-09-16', null, null, null, '2021-09-16', null, '2021-09-13', '2021-09-13', 2021000664),
        (99, 'https://www.prugio.com/ht/2021/elproud', '2021-09-14', null, null, null, '2021-09-15', null, '2021-09-16', null, null, null, '2021-09-16', null, '2021-09-13', '2021-09-13', 2021000653),
        (100, 'http://yj-thehue.com/', '2021-09-14', null, null, null, '2021-09-14', null, '2021-09-15', null, null, null, '2021-09-15', null, '2021-09-13', '2021-09-13', 2021000620),
        (101, 'http://hillstate-dongin.co.kr/gate/', '2021-09-14', null, null, null, '2021-09-15', null, '2021-09-16', null, null, null, '2021-09-16', null, '2021-09-13', '2021-09-13', 2021000463),
        (102, 'http://www.hillstate.co.kr/s/#gwanggyojoongang', '2021-09-14', null, '2021-09-14', null, '2021-09-14', null, '2021-09-15', null, '2021-09-15', null, '2021-09-15', null, '2021-09-13', '2021-09-13', 2021000657),
        (103, 'https://www.prugio.com/hc/2021/taebong/main', '2021-09-14', null, null, null, '2021-09-14', null, '2021-09-15', null, null, null, '2021-09-15', null, '2021-09-13', '2021-09-13', 2021000625),
        (104, 'http://gr-meridian.co.kr', '2021-09-15', null, null, null, '2021-09-15', null, '2021-09-16', null, null, null, '2021-09-16', null, '2021-09-14', '2021-09-14', 2021000602),
        (105, 'https://ds-sk.co.kr/', '2021-09-07', null, null, null, '2021-09-08', null, '2021-09-09', null, null, null, '2021-09-09', null, '2021-09-06', '2021-09-06', 2021000633),
        (106, 'http://www.feelhaus.co.kr', '2021-09-06', null, null, null, '2021-09-06', null, '2021-09-07', null, null, null, '2021-09-07', null, null, null, 2021000629),
        (107, 'https://xi.co.kr/hsy', '2021-09-07', null, null, null, '2021-09-07', null, '2021-09-08', null, null, null, '2021-09-08', null, '2021-09-06', '2021-09-06', 2021000610),
        (108, 'http://hillstate.co.kr/s/#daegu_first', '2021-09-07', null, null, null, '2021-09-08', null, '2021-09-09', null, null, null, '2021-09-09', null, '2021-09-06', '2021-09-06', 2021000604),
        (109, 'http://www.우장산h밸리움.com', '2021-09-07', null, null, null, '2021-09-08', null, '2021-09-09', null, null, null, '2021-09-09', null, '2021-09-06', '2021-09-06', 2021000601),
        (110, 'http://더샵천안레이크마크.com', '2021-09-07', null, null, null, '2021-09-07', null, '2021-09-08', null, null, null, '2021-09-08', null, '2021-09-06', '2021-09-06', 2021000600),
        (111, 'http://sd1seohai.co.kr/', '2021-09-07', null, null, null, '2021-09-08', null, '2021-09-09', null, null, null, '2021-09-09', null, '2021-09-06', '2021-09-06', 2021000589),
        (112, 'http://시청역동원시티비스타.com', '2021-09-07', null, null, null, '2021-09-08', null, '2021-09-09', null, null, null, '2021-09-09', null, '2021-09-06', '2021-09-06', 2021000605),
        (113, null, '2021-09-02', null, null, null, '2021-09-03', null, '2021-09-06', null, null, null, '2021-09-06', null, null, null, 2021000591),
        (114, 'http://gy-sclass.com/', '2021-08-31', null, null, null, '2021-09-01', null, '2021-09-02', null, null, null, '2021-09-02', null, '2021-08-30', '2021-08-30', 2021000596),
        (115, 'https://hanwha.forena.co.kr/woncheon/', '2021-08-31', null, null, null, '2021-09-01', null, '2021-09-02', null, null, null, '2021-09-02', null, '2021-08-30', '2021-08-30', 2021000582),
        (116, 'http://www.더샵광양베이센트.com/', '2021-08-31', null, null, null, '2021-09-01', null, '2021-09-02', null, null, null, '2021-09-02', null, '2021-08-30', '2021-08-30', 2021000580),
        (117, 'http://mds-adelium.com', '2021-08-31', null, null, null, '2021-09-01', null, '2021-09-02', null, null, null, '2021-09-02', null, '2021-08-30', '2021-08-30', 2021000603),
        (118, 'http://www.bd-pridecity.com/hillstate', '2021-08-24', null, null, null, '2021-08-25', null, '2021-08-26', null, null, null, '2021-08-26', null, '2021-08-23', '2021-08-23', 2021000578),
        (119, 'http://www.gc-lynnfamilie.com', '2021-08-24', null, '2021-08-24', null, '2021-08-24', null, '2021-08-25', null, '2021-08-25', null, '2021-08-25', null, '2021-08-23', '2021-08-23', 2021000559),
        (120, 'http://www.아시아드삼정그린코아.com', '2021-08-24', null, null, null, '2021-08-25', null, '2021-08-26', null, null, null, '2021-08-26', null, '2021-08-23', '2021-08-23', 2021000536),
        (121, 'http://양산코아루에듀포레.com', '2021-08-24', null, null, null, '2021-08-24', null, '2021-08-25', null, null, null, '2021-08-25', null, '2021-08-23', '2021-08-23', 2021000587),
        (122, 'http://www.gyseohai.co.kr/', '2021-08-24', null, null, null, '2021-08-25', null, '2021-08-26', null, null, null, '2021-08-26', null, '2021-08-23', '2021-08-23', 2021000569),
        (123, 'http://www.as-egthe1-6.co.kr', '2021-08-24', null, null, null, '2021-08-24', null, '2021-08-25', null, null, null, '2021-08-25', null, '2021-08-23', '2021-08-23', 2021000343),
        (124, 'http://richeville-thesky.com/', '2021-08-20', null, null, null, '2021-08-20', null, '2021-08-23', null, null, null, '2021-08-23', null, '2021-08-19', '2021-08-19', 2021000554),
        (125, 'http://trimage-yangsan.com/', '2021-08-18', null, null, null, '2021-08-18', null, '2021-08-19', null, null, null, '2021-08-19', null, '2021-08-17', '2021-08-17', 2021000584),
        (126, 'http://trimage-yangsan.com/', '2021-08-18', null, null, null, '2021-08-18', null, '2021-08-19', null, null, null, '2021-08-19', null, '2021-08-17', '2021-08-17', 2021000583),
        (127, 'http://여수오션테라스.com', '2021-08-18', null, null, null, '2021-08-19', null, '2021-08-20', null, null, null, '2021-08-20', null, '2021-08-17', '2021-08-17', 2021000563),
        (128, 'https://www.김제검산이지움.com/', '2021-08-18', null, null, null, '2021-08-18', null, '2021-08-19', null, null, null, '2021-08-19', null, '2021-08-17', '2021-08-17', 2021000556),
        (129, 'http://www.halla-smart.com/', '2021-08-19', null, null, null, '2021-08-19', null, '2021-08-20', null, null, null, '2021-08-20', null, '2021-08-18', '2021-08-17', 2021000517),
        (130, 'http://www.harrington-sangmu.com', '2021-08-18', null, null, null, '2021-08-19', null, '2021-08-20', null, null, null, '2021-08-20', null, '2021-08-17', '2021-08-17', 2021000581);

insert into APT_INFO_TARGET (NOTIFICATION_NUMBER_ID, HOUSING_TYPE, SUPPLY_AREA, SUPPLY_GENERAL, SUPPLY_SPECIAL, SUPPLY_TOTAL)
values  (2021000868, '081.9120A', 115.971, 21, 16, 37),
        (2021000868, '083.9450A', 119.3338, 35, 38, 73),
        (2021000868, '083.9451B', 119.3339, 19, 17, 36),
        (2021000854, '059.9774A', 81.6712, 20, 0, 20),
        (2021000854, '059.9583B', 82.4358, 23, 0, 23),
        (2021000854, '059.8908C', 81.7817, 25, 0, 25),
        (2021000854, '059.7268C', 81.5843, 16, 0, 16),
        (2021000749, '59.9463', 79.172, 18, 14, 32),
        (2021000749, '66.4104', 86.9607, 4, 1, 5),
        (2021000749, '84.9523', 110.1908, 30, 24, 54),
        (2021000749, '84.9213', 110.116, 32, 25, 57),
        (2021000749, '95.2873', 122.6437, 14, 1, 15),
        (2021000749, '119.6903', 152.9815, 41, 5, 46),
        (2021000749, '138.5903', 175.7546, 16, 1, 17),
        (2021000863, '084.8752A', 114.9236, 22, 14, 36),
        (2021000863, '084.5316B', 114.6297, 23, 13, 36),
        (2021000857, '59.864', 82.3655, 28, 27, 55),
        (2021000857, '074.9533A', 101.9594, 11, 6, 17),
        (2021000857, '074.9370B', 100.8648, 36, 34, 70),
        (2021000857, '084.9611B', 115.0981, 2, 0, 2),
        (2021000851, '084.9321A', 111.8473, 114, 151, 265),
        (2021000851, '084.9589B', 112.5476, 24, 31, 55),
        (2021000851, '084.9339C', 112.1886, 14, 14, 28),
        (2021000850, '084.9321A', 111.2878, 53, 66, 119),
        (2021000850, '084.9589B', 111.9879, 102, 136, 238),
        (2021000850, '084.9339C', 111.6291, 54, 71, 125),
        (2021000831, '059.8970E', 80.28, 1, 1, 2),
        (2021000831, '059.8550G', 80.794, 1, 2, 3),
        (2021000831, '059.9440H', 81.021, 1, 3, 4),
        (2021000831, '059.9880I', 80.208, 1, 1, 2),
        (2021000831, '71.778', 95.598, 1, 1, 2),
        (2021000831, '084.9880A', 112.235, 6, 6, 12),
        (2021000831, '084.9680A', 112.641, 1, 0, 1),
        (2021000831, '084.9760B', 112.725, 7, 6, 13),
        (2021000831, '084.9890C', 113.019, 4, 5, 9),
        (2021000831, '84.987', 112.386, 7, 5, 12),
        (2021000829, '049.8290A', 73.7358, 22, 14, 36),
        (2021000829, '050.9432B', 75.8447, 22, 14, 36),
        (2021000829, '051.0868C', 75.518, 1, 0, 1),
        (2021000829, '51.0868', 75.5174, 11, 6, 17),
        (2021000829, '051.2791E', 75.188, 12, 6, 18),
        (2021000829, '51.9447', 76.0322, 12, 6, 18),
        (2021000829, '77.7477', 113.1862, 13, 6, 19),
        (2021000827, '084.7064A', 114.865, 176, 238, 414),
        (2021000827, '084.8692B', 115.7997, 75, 100, 175),
        (2021000827, '084.8736C', 115.8846, 83, 106, 189),
        (2021000825, '084.9404A', 109.3081, 28, 76, 104),
        (2021000825, '084.9958B', 109.1324, 57, 131, 188),
        (2021000825, '084.9863C', 110.5106, 12, 42, 54),
        (2021000825, '118.9928A', 151.1203, 93, 13, 106),
        (2021000801, '67.5693', 90.3896, 37, 31, 68),
        (2021000801, '084.6975A', 112.5539, 114, 107, 221),
        (2021000801, '084.7772B', 112.9696, 106, 92, 198),
        (2021000801, '99.7273', 132.0579, 48, 6, 54),
        (2021000796, '084.8260A', 115.091, 16, 10, 26),
        (2021000796, '084.9636B', 117.5389, 13, 9, 22),
        (2021000796, '084.8857C', 114.3338, 18, 10, 28),
        (2021000796, '84.5199', 113.7199, 39, 36, 75),
        (2021000796, '084.5199E', 113.7199, 11, 9, 20),
        (2021000796, '84.5044', 116.8968, 32, 26, 58),
        (2021000796, '89.6962', 120.5754, 6, 0, 6),
        (2021000796, '90.4831', 124.9029, 4, 0, 4),
        (2021000796, '91.2064', 122.5031, 4, 0, 4),
        (2021000796, '92.379', 125.1096, 2, 0, 2),
        (2021000796, '93.1117', 124.8266, 2, 0, 2),
        (2021000796, '95.0146', 130.5858, 2, 0, 2),
        (2021000796, '96.6882', 129.3299, 2, 0, 2),
        (2021000796, '114.7231', 153.5345, 46, 6, 52),
        (2021000781, '084.9137A', 113.9629, 17, 41, 58),
        (2021000781, '084.9132B', 113.1705, 77, 149, 226),
        (2021000781, '084.7856C', 113.9885, 17, 41, 58),
        (2021000781, '116.4552', 140.6263, 43, 13, 56),
        (2021000781, '117.4509', 140.6257, 44, 12, 56),
        (2021000772, '084.9132B', 114.1703, 115, 237, 352),
        (2021000772, '084.7856C', 114.9868, 68, 150, 218),
        (2021000772, '116.4552', 140.9802, 112, 34, 146),
        (2021000772, '117.4509', 140.9827, 123, 35, 158),
        (2021000795, '084.7930A', 110.2469, 113, 106, 219),
        (2021000795, '084.9190B', 111.039, 50, 50, 100),
        (2021000795, '084.9789C', 110.9374, 38, 35, 73),
        (2021000795, '106.9424A', 138.4657, 53, 7, 60),
        (2021000795, '106.9594B', 138.9437, 32, 4, 36),
        (2021000795, '129.1138A', 172.3992, 2, 0, 2),
        (2021000795, '129.8284B', 173.1902, 2, 0, 2),
        (2021000795, '141.9878', 190.6045, 2, 0, 2),
        (2021000794, '084.9939A', 108.5817, 251, 265, 516),
        (2021000794, '084.9927B', 110.256, 22, 26, 48),
        (2021000794, '084.9091C', 109.5089, 56, 55, 111),
        (2021000794, '84.9939', 108.5817, 46, 23, 69),
        (2021000794, '99.5304', 126.8954, 73, 11, 84),
        (2021000833, '059.9600A', 83.6003, 9, 0, 9),
        (2021000833, '059.9200B', 83.6682, 4, 0, 4),
        (2021000833, '074.9200A', 99.6836, 4, 0, 4),
        (2021000833, '074.8800B', 99.6437, 9, 0, 9),
        (2021000833, '084.9600A', 110.4728, 7, 0, 7),
        (2021000830, '084.0000A', 118, 744, 0, 744),
        (2021000830, '084.7098B', 118.0776, 166, 0, 166),
        (2021000830, '084.9964C', 119.4128, 142, 0, 142),
        (2021000830, '84.9559', 119.5696, 86, 0, 86),
        (2021000830, '097.6414T', 136.5797, 12, 0, 12),
        (2021000830, '099.7748A', 138.153, 242, 0, 242),
        (2021000830, '099.9742B', 139.2454, 40, 0, 40),
        (2021000830, '099.8725C', 140.6738, 38, 0, 38),
        (2021000830, '099.0000T', 140, 15, 0, 15),
        (2021000830, '103.9728T', 144.836, 4, 0, 4),
        (2021000830, '104.8719T', 145.5881, 4, 0, 4),
        (2021000830, '105.0454T', 146.6, 5, 0, 5),
        (2021000830, '107.0657T', 148.3433, 6, 0, 6),
        (2021000830, '107.9607T', 149.3622, 6, 0, 6),
        (2021000830, '111.3754T', 154.8558, 5, 0, 5),
        (2021000830, '112.6599T', 155.8678, 4, 0, 4),
        (2021000830, '118.9899T', 164.1236, 10, 0, 10),
        (2021000830, '133.4990P', 189.5376, 1, 0, 1),
        (2021000830, '144.6744P', 209.0867, 2, 0, 2),
        (2021000830, '151.3362P', 216.6489, 1, 0, 1),
        (2021000828, '059.9600A', 83.3065, 7, 0, 7),
        (2021000828, '059.9200B', 83.3746, 4, 0, 4),
        (2021000828, '074.9200A', 100.0495, 2, 0, 2),
        (2021000828, '074.8800B', 100.0094, 4, 0, 4),
        (2021000828, '084.9600A', 110.5015, 9, 0, 9),
        (2021000828, '084.9400B', 110.517, 2, 0, 2),
        (2021000819, '084.7588A', 121.1626, 132, 130, 262),
        (2021000819, '084.8891B', 121.001, 66, 64, 130),
        (2021000807, '62.964', 89.5855, 27, 26, 53),
        (2021000807, '084.9687A', 111.9709, 139, 136, 275),
        (2021000807, '084.9587B', 111.9974, 69, 68, 137),
        (2021000792, '084.7900A', 106.238, 19, 15, 34),
        (2021000792, '084.7900B', 106.238, 2, 0, 2),
        (2021000792, '116.4000A', 144.8945, 29, 5, 34),
        (2021000792, '116.4000B', 144.8945, 2, 0, 2),
        (2021000790, '059.9464A', 81.0985, 22, 20, 42),
        (2021000790, '059.8029B', 80.9042, 1, 1, 2),
        (2021000790, '75.997', 98.6934, 82, 80, 162),
        (2021000790, '79.9924', 104.507, 1, 0, 1),
        (2021000816, '42.3272', 61.2833, 26, 21, 47),
        (2021000816, '57.3187', 79.1262, 38, 35, 73),
        (2021000816, '59.7155', 81.7986, 18, 10, 28),
        (2021000814, '084.9146A', 109.3935, 152, 204, 356),
        (2021000814, '084.9365B', 109.0051, 39, 51, 90),
        (2021000814, '084.8888C', 109.1808, 34, 46, 80),
        (2021000793, '059.9482A', 79.7429, 348, 341, 689),
        (2021000793, '059.9209B', 80.3007, 81, 74, 155),
        (2021000793, '074.7584A', 98.4809, 77, 74, 151),
        (2021000793, '074.7244B', 99.6192, 40, 36, 76),
        (2021000793, '084.9912A', 112.2896, 27, 24, 51),
        (2021000793, '084.9908B', 111.9792, 49, 44, 93),
        (2021000803, '52.93', 71.76, 7, 1, 8),
        (2021000803, '059.9700A', 81.01, 66, 62, 128),
        (2021000803, '059.8100B', 80.81, 29, 34, 63),
        (2021000803, '62.97', 85.18, 45, 50, 95),
        (2021000803, '072.8300A', 97.3, 44, 50, 94),
        (2021000803, '072.6100B', 97.02, 22, 19, 41),
        (2021000803, '072.9200C', 97.6, 32, 35, 67),
        (2021000803, '084.9700A', 112.86, 26, 25, 51),
        (2021000803, '084.7600B', 112.6, 9, 9, 18),
        (2021000803, '084.9800C', 113.09, 43, 36, 79),
        (2021000803, '109.33', 145.13, 28, 4, 32),
        (2021000822, '084.9860A', 112.8817, 195, 269, 464),
        (2021000822, '084.9888B', 113.5721, 125, 169, 294),
        (2021000822, '116.8943', 153.5714, 56, 7, 63),
        (2021000822, '128.8183', 168.3244, 6, 1, 7),
        (2021000799, '084.9552A', 110.0533, 176, 238, 414),
        (2021000799, '084.9544B', 110.7762, 16, 22, 38),
        (2021000782, '72.9962', 94.1554, 21, 19, 40),
        (2021000782, '79.7094', 102.9768, 13, 6, 19),
        (2021000782, '84.928', 109.1706, 17, 14, 31),
        (2021000765, '057.0107A', 75.7558, 16, 10, 26),
        (2021000765, '084.4843A', 107.9826, 23, 16, 39),
        (2021000736, '75.9101', 100.6028, 84, 85, 169),
        (2021000736, '084.5134A', 110.6578, 377, 377, 754),
        (2021000736, '084.9827B', 111.6698, 48, 50, 98),
        (2021000736, '084.9913C', 111.7794, 37, 36, 73),
        (2021000736, '101.6515', 132.9151, 44, 6, 50),
        (2021000722, '059.7355A', 77.2832, 58, 54, 112),
        (2021000722, '059.7288B', 77.7095, 25, 21, 46),
        (2021000722, '078.5312A', 100.5155, 15, 9, 24),
        (2021000722, '084.7313A', 108.3219, 122, 119, 241),
        (2021000722, '084.3186B', 108.2108, 56, 54, 110),
        (2021000722, '084.5614C', 107.7638, 28, 24, 52),
        (2021000722, '125.1210P', 162.655, 2, 0, 2),
        (2021000802, '52.59', 71.71, 15, 11, 26),
        (2021000802, '059.9200A', 80.5, 39, 35, 74),
        (2021000802, '059.9400B', 81.65, 12, 11, 23),
        (2021000802, '69.55', 90.41, 30, 27, 57),
        (2021000802, '84.89', 106.48, 47, 47, 94),
        (2021000800, '063.6407A', 83.1957, 19, 16, 35),
        (2021000800, '063.8240B', 84.0592, 71, 66, 137),
        (2021000800, '75.7799', 98.8014, 179, 174, 353),
        (2021000784, '059.9617A', 81.4447, 28, 30, 58),
        (2021000784, '059.9736B', 81.1172, 9, 10, 19),
        (2021000784, '074.9947A', 100.0635, 77, 77, 154),
        (2021000784, '074.9947B', 100.0635, 29, 30, 59),
        (2021000784, '084.9913A', 112.9286, 8, 6, 14),
        (2021000704, '066.9687A', 88.4279, 23, 21, 44),
        (2021000704, '066.8499B', 88.7309, 9, 9, 18),
        (2021000704, '76.6971', 100.8016, 55, 58, 113),
        (2021000780, '059.9700A', 82.5227, 239, 324, 563),
        (2021000780, '059.9659B', 83.3395, 62, 77, 139),
        (2021000780, '059.9559C', 82.5614, 85, 116, 201),
        (2021000780, '59.847', 82.8784, 39, 48, 87),
        (2021000780, '084.9210A', 110.5215, 80, 105, 185),
        (2021000780, '084.7106B', 111.0934, 89, 118, 207),
        (2021000780, '084.9820C', 111.8312, 73, 93, 166),
        (2021000780, '84.9646', 111.0201, 86, 111, 197),
        (2021000777, '102.0221A', 127.3422, 272, 40, 312),
        (2021000777, '107.8421A', 134.1629, 59, 9, 68),
        (2021000777, '132.9686A', 165.0794, 41, 6, 47),
        (2021000777, '132.4631B', 164.194, 83, 12, 95),
        (2021000777, '132.2489C', 164.3498, 28, 4, 32),
        (2021000739, '82.4962', 109.0258, 27, 26, 53),
        (2021000739, '84.9687', 112.6337, 70, 68, 138),
        (2021000677, '072.4132A', 100.6207, 21, 21, 42),
        (2021000677, '072.4132B', 100.6207, 43, 41, 84),
        (2021000677, '072.4132C', 100.6207, 23, 19, 42),
        (2021000774, '59.696', 82.7054, 131, 132, 263),
        (2021000774, '059.6960P', 82.7054, 12, 6, 18),
        (2021000774, '63.3641', 87.9026, 61, 62, 123),
        (2021000774, '063.3641C', 87.9026, 2, 0, 2),
        (2021000774, '063.3641P', 87.9026, 4, 4, 8),
        (2021000774, '84.7085', 111.127, 55, 57, 112),
        (2021000774, '084.7085P', 111.127, 4, 4, 8),
        (2021000770, '084.5448A', 113.7397, 6, 10, 16),
        (2021000770, '084.5118B', 113.5954, 6, 10, 16),
        (2021000770, '084.8750C', 113.6863, 4, 4, 8),
        (2021000770, '84.069', 112.6406, 3, 5, 8),
        (2021000770, '084.0070E', 112.5602, 6, 10, 16),
        (2021000770, '84.937', 113.7667, 6, 10, 16),
        (2021000770, '084.3712G', 113.377, 4, 4, 8),
        (2021000770, '084.9168H', 114.2223, 4, 4, 8),
        (2021000761, '72.665', 95.7902, 5, 7, 12),
        (2021000761, '78.2006', 101.4203, 11, 13, 24),
        (2021000761, '84.983', 109.2078, 4, 5, 9),
        (2021000748, '062.9691B', 86.3094, 77, 71, 148),
        (2021000748, '074.9676A', 101.7689, 81, 79, 160),
        (2021000748, '074.9676B', 101.3251, 15, 9, 24),
        (2021000748, '74.9678', 101.1357, 49, 44, 93),
        (2021000748, '074.7276E', 101.3571, 50, 44, 94),
        (2021000748, '084.9959A', 113.2242, 68, 65, 133),
        (2021000748, '084.9959B', 112.7531, 35, 31, 66),
        (2021000748, '84.9658', 112.9454, 53, 50, 103),
        (2021000748, '084.8537E', 112.9881, 54, 50, 104),
        (2021000748, '104.9454A', 144.1726, 2, 0, 2),
        (2021000731, '76.8886', 99.9373, 26, 0, 26),
        (2021000731, '084.9366A', 107.4066, 39, 0, 39),
        (2021000731, '084.9685B', 107.6588, 59, 0, 59),
        (2021000731, '101.7229', 128.3064, 19, 0, 19),
        (2021000731, '110.4614', 139.1548, 1, 0, 1),
        (2021000731, '113.8592A', 143.3433, 20, 0, 20),
        (2021000731, '113.9564B', 143.2891, 5, 0, 5),
        (2021000710, '084.9301A', 112.6668, 294, 400, 694),
        (2021000710, '084.9786B', 113.4123, 20, 30, 50),
        (2021000710, '121.9504', 160.1452, 57, 9, 66),
        (2021000700, '059.9324A', 80.6677, 94, 89, 183),
        (2021000700, '059.9499B', 83.1465, 12, 12, 24),
        (2021000700, '059.4150C', 82.6554, 8, 8, 16),
        (2021000700, '84.7391', 106.8591, 27, 25, 52),
        (2021000773, '084.9473A', 112.0172, 66, 60, 126),
        (2021000773, '084.6284B', 113.2125, 36, 30, 66),
        (2021000773, '084.8980C', 109.9498, 13, 6, 19),
        (2021000773, '84.6284', 113.2125, 8, 1, 9),
        (2021000773, '110.6696', 143.6773, 9, 1, 10),
        (2021000646, '059.8440A', 79.8828, 19, 12, 31),
        (2021000646, '059.9500B', 79.4572, 8, 10, 18),
        (2021000646, '059.5980C', 79.8857, 9, 9, 18),
        (2021000646, '59.913', 80.8253, 9, 9, 18),
        (2021000646, '098.9210P', 133.3595, 1, 0, 1),
        (2021000646, '099.2700P', 134.9805, 1, 0, 1),
        (2021000646, '111.2880P', 147.8054, 1, 0, 1),
        (2021000646, '114.5280P', 152.9491, 1, 1, 2),
        (2021000760, '59.9914', 81.8847, 94, 191, 285),
        (2021000760, '73.9822', 99.698, 81, 164, 245),
        (2021000760, '84.9642', 114.5058, 190, 400, 590),
        (2021000759, '84.944', 109.0361, 98, 94, 192),
        (2021000752, '084.9660A', 113.5645, 179, 174, 353),
        (2021000752, '084.9250B', 114.7093, 169, 173, 342),
        (2021000752, '084.9584C', 114.7047, 26, 21, 47),
        (2021000752, '92.9413', 124.9121, 8, 2, 10),
        (2021000752, '100.7533', 134.595, 8, 2, 10),
        (2021000726, '084.9356A', 108.9441, 183, 185, 368),
        (2021000726, '084.9468B', 109.4287, 116, 116, 232),
        (2021000726, '113.4614', 144.4514, 30, 5, 35),
        (2021000726, '115.401', 146.9119, 27, 4, 31),
        (2021000726, '161.9372', 210.4643, 4, 0, 4),
        (2021000721, '084.8989A', 110.5518, 24, 26, 50),
        (2021000721, '084.9913B', 110.6211, 24, 24, 48),
        (2021000721, '084.9741C', 111.223, 11, 12, 23),
        (2021000721, '84.763', 111.0727, 23, 21, 44),
        (2021000697, '59.8278', 82.5756, 4, 3, 7),
        (2021000697, '084.9897A', 114.5593, 19, 16, 35),
        (2021000697, '084.9589B', 115.2255, 37, 31, 68),
        (2021000628, '59.9204', 79.4835, 66, 60, 126),
        (2021000628, '084.9398A', 111.1105, 22, 20, 42),
        (2021000628, '084.9906B', 112.1055, 71, 68, 139),
        (2021000628, '084.9963C', 110.7313, 46, 41, 87),
        (2021000683, '077.9977A', 101.9933, 68, 92, 160),
        (2021000683, '077.9957B', 102.981, 23, 25, 48),
        (2021000683, '084.9818A', 112.1034, 153, 208, 361),
        (2021000683, '084.9885B', 113.0012, 39, 51, 90),
        (2021000682, '059.9784A', 81.0058, 120, 158, 278),
        (2021000682, '059.9706B', 81.8092, 41, 51, 92),
        (2021000682, '059.9854C', 82.2366, 50, 64, 114),
        (2021000682, '072.9610A', 96.9706, 97, 128, 225),
        (2021000682, '072.9637B', 98.4207, 70, 92, 162),
        (2021000682, '084.9818A', 113.6883, 120, 162, 282),
        (2021000682, '084.9865B', 116.3084, 41, 51, 92),
        (2021000679, '059.9322A', 79.5483, 88, 85, 173),
        (2021000679, '059.9322B', 79.5483, 1, 0, 1),
        (2021000679, '74.2722', 97.3362, 4, 1, 5),
        (2021000679, '84.9674', 105.3758, 23, 16, 39),
        (2021000667, '059.9904A', 80.5276, 68, 68, 136),
        (2021000667, '059.9475B', 82.2115, 34, 35, 69),
        (2021000667, '084.9299A', 113.1602, 114, 115, 229),
        (2021000667, '084.8924B', 113.7717, 65, 65, 130),
        (2021000667, '084.9855C', 113.8185, 12, 12, 24),
        (2021000667, '084.9818T', 113.7833, 11, 6, 17),
        (2021000667, '102.7755T', 137.389, 8, 1, 9),
        (2021000667, '107.8706', 142.8221, 80, 12, 92),
        (2021000606, '084.9735A', 111.0446, 23, 25, 48),
        (2021000606, '084.7712B', 110.9371, 11, 11, 22),
        (2021000606, '084.2552C', 110.2067, 11, 11, 22),
        (2021000744, '059.9800A', 82.8367, 33, 200, 233),
        (2021000744, '059.9900B', 82.8505, 12, 63, 75),
        (2021000744, '059.9700C', 82.8229, 13, 74, 87),
        (2021000744, '059.9800T', 82.8367, 1, 2, 3),
        (2021000744, '059.9900T', 82.8505, 1, 0, 1),
        (2021000744, '059.9701T', 82.8229, 1, 1, 2),
        (2021000744, '059.9702T', 82.8229, 1, 0, 1),
        (2021000735, '059.9400A', 80.0419, 32, 180, 212),
        (2021000735, '059.6400B', 79.8873, 7, 49, 56),
        (2021000735, '059.8400C', 80.1004, 21, 119, 140),
        (2021000735, '074.9600A', 98.2749, 14, 70, 84),
        (2021000735, '074.5200B', 99.0402, 13, 70, 83),
        (2021000735, '084.9500A', 111.4153, 9, 40, 49),
        (2021000735, '084.9600B', 111.7774, 5, 24, 29),
        (2021000695, '084.8280A', 111.8289, 200, 195, 395),
        (2021000695, '084.8689B', 112.1138, 77, 71, 148),
        (2021000695, '084.9668C', 112.5106, 52, 51, 103),
        (2021000695, '114.0832', 149.8974, 33, 4, 37),
        (2021000695, '135.5082', 180.9287, 5, 0, 5),
        (2021000686, '084.9872A', 110.3235, 62, 83, 145),
        (2021000686, '084.9100A', 110.6642, 26, 43, 69),
        (2021000686, '084.9704A', 111.724, 23, 26, 49),
        (2021000686, '084.9720B', 110.375, 9, 14, 23),
        (2021000686, '084.9090B', 110.2908, 22, 25, 47),
        (2021000686, '084.9860C', 111.3074, 20, 30, 50),
        (2021000686, '84.9836', 110.5455, 36, 55, 91),
        (2021000725, '74.9969', 97.3401, 56, 54, 110),
        (2021000725, '084.9656A', 109.7312, 166, 160, 326),
        (2021000725, '084.9871B', 111.7203, 101, 95, 196),
        (2021000725, '101.9678', 131.4081, 97, 14, 111),
        (2021000725, '124.0244', 159.4068, 49, 6, 55),
        (2021000696, '059.6236A', 79.845, 12, 0, 12),
        (2021000696, '059.7656B', 79.6322, 4, 0, 4),
        (2021000696, '074.9929A', 98.8784, 10, 0, 10),
        (2021000696, '074.9744B', 99.3192, 10, 0, 10),
        (2021000696, '074.7312C', 98.468, 24, 0, 24),
        (2021000696, '83.7111', 109.484, 16, 0, 16),
        (2021000696, '84.7982', 110.8914, 18, 0, 18),
        (2021000678, '059.8939A', 80.4453, 59, 77, 136),
        (2021000678, '059.9336B', 80.3994, 23, 31, 54),
        (2021000678, '84.6421', 112.0992, 190, 236, 426),
        (2021000678, '084.9646A', 112.5016, 82, 116, 198),
        (2021000678, '084.5380B', 111.7964, 15, 14, 29),
        (2021000678, '084.7155C', 112.2728, 43, 53, 96),
        (2021000678, '084.9249T', 113.9404, 6, 0, 6),
        (2021000635, '084.4086A', 109.9692, 75, 73, 148),
        (2021000635, '084.8494B', 110.6701, 39, 37, 76),
        (2021000635, '109.8024', 142.1315, 60, 8, 68),
        (2021000708, '039.4490A', 56.084, 3, 2, 5),
        (2021000708, '039.5100B', 55.992, 2, 0, 2),
        (2021000708, '50.199', 69.401, 5, 3, 8),
        (2021000708, '059.9800A', 79.367, 157, 137, 294),
        (2021000708, '059.8820B', 79.663, 54, 54, 108),
        (2021000708, '74.642', 99.115, 42, 59, 101),
        (2021000708, '84.874', 109.719, 38, 40, 78),
        (2021000707, '084.9942A', 112.6802, 278, 284, 562),
        (2021000707, '084.9366B', 112.3908, 75, 73, 148),
        (2021000707, '084.9882C', 113.1813, 11, 7, 18),
        (2021000707, '84.9882', 113.1813, 7, 6, 13),
        (2021000699, '046.6000A', 63.7799, 4, 12, 16),
        (2021000699, '052.3980B', 70.467, 4, 12, 16),
        (2021000699, '53.28', 70.9698, 10, 6, 16),
        (2021000699, '058.0410C', 77.902, 6, 10, 16),
        (2021000671, '059.9947A', 79.8301, 66, 65, 131),
        (2021000671, '059.9945B', 80.5213, 7, 7, 14),
        (2021000671, '084.9594A', 111.9335, 77, 75, 152),
        (2021000671, '084.9750B', 111.774, 33, 33, 66),
        (2021000671, '084.9709C', 112.1743, 43, 45, 88),
        (2021000698, '75.9897', 98.1342, 38, 36, 74),
        (2021000698, '084.9152A', 109.5253, 18, 20, 38),
        (2021000698, '084.9538B', 110.0793, 39, 38, 77),
        (2021000698, '117.9464', 149.8463, 90, 13, 103),
        (2021000676, '048.8767A', 64.019, 7, 5, 12),
        (2021000676, '051.3704B', 65.9463, 16, 8, 24),
        (2021000676, '066.1546C', 84.623, 8, 4, 12),
        (2021000623, '077.9189A', 102.8513, 69, 66, 135),
        (2021000623, '077.8676B', 103.0946, 34, 32, 66),
        (2021000623, '077.9189C', 102.8513, 7, 8, 15),
        (2021000623, '108.3960A', 145.5911, 2, 0, 2),
        (2021000623, '108.7421B', 146.277, 1, 0, 1),
        (2021000561, '82.1272', 104.2378, 11, 0, 11),
        (2021000561, '82.8628', 103.6741, 11, 0, 11),
        (2021000561, '082.8628B', 103.2425, 11, 0, 11),
        (2021000561, '082.1272C', 104.2378, 11, 0, 11),
        (2021000561, '83.4815', 104.0571, 10, 0, 10),
        (2021000561, '083.4815A', 103.6239, 11, 0, 11),
        (2021000681, '059.8867A', 81.444, 244, 361, 605),
        (2021000681, '059.9673B', 80.557, 32, 43, 75),
        (2021000681, '084.9507A', 113.2572, 177, 259, 436),
        (2021000681, '084.6445B', 113.3701, 160, 240, 400),
        (2021000579, '39.25', 58.77, 39, 36, 75),
        (2021000579, '059.9400A', 82.08, 11, 9, 20),
        (2021000579, '059.9800B', 82.65, 5, 1, 6),
        (2021000579, '74.99', 101.31, 73, 66, 139),
        (2021000579, '084.9800A', 111.65, 169, 166, 335),
        (2021000579, '084.9800B', 112.94, 41, 39, 80),
        (2021000579, '084.9600C', 112.81, 26, 24, 50),
        (2021000579, '84.96', 112.81, 22, 19, 41),
        (2021000572, '061.7782A', 85.3092, 12, 12, 24),
        (2021000572, '061.0392B', 86.4964, 13, 11, 24),
        (2021000572, '061.5456C', 85.4983, 15, 8, 23),
        (2021000572, '61.8928', 87.1286, 12, 12, 24),
        (2021000572, '061.0026E', 84.8445, 15, 8, 23),
        (2021000572, '61.6038', 85.1645, 12, 12, 24),
        (2021000693, '059.8326A', 82.7741, 41, 235, 276),
        (2021000693, '059.9093B', 82.5999, 7, 42, 49),
        (2021000693, '059.8819C', 83.1427, 4, 21, 25),
        (2021000672, '054.9400A', 64.96, 1, 0, 1),
        (2021000672, '084.1400A', 96.4, 6, 0, 6),
        (2021000672, '084.2700B', 96.46, 6, 0, 6),
        (2021000672, '084.4800C', 96.92, 6, 0, 6),
        (2021000672, '84.98', 97.98, 6, 0, 6),
        (2021000672, '085.0000A', 97.48, 4, 0, 4),
        (2021000672, '088.6900A', 103.54, 5, 0, 5),
        (2021000672, '103.7800A', 119.82, 6, 0, 6),
        (2021000672, '104.6100A', 120.97, 6, 0, 6),
        (2021000627, '059.9570A', 82.9958, 58, 59, 117),
        (2021000627, '059.9669B', 84.5663, 19, 18, 37),
        (2021000626, '059.9570A', 83.1193, 49, 50, 99),
        (2021000626, '059.9669B', 84.6959, 7, 8, 15),
        (2021000626, '071.9950A', 96.7383, 54, 55, 109),
        (2021000626, '071.9635B', 99.2313, 17, 16, 33),
        (2021000626, '084.9495A', 111.858, 25, 22, 47),
        (2021000656, '54.4924', 71.7082, 6, 2, 8),
        (2021000656, '66.8358', 87.027, 38, 48, 86),
        (2021000656, '084.9498A', 111.7779, 4, 0, 4),
        (2021000656, '084.9498B', 111.778, 1, 0, 1),
        (2021000687, '047.9816A', 72.4293, 1, 0, 1),
        (2021000687, '047.9558B', 71.9292, 1, 0, 1),
        (2021000687, '059.9698A', 86.9275, 1, 0, 1),
        (2021000687, '059.9712C', 82.1666, 1, 0, 1),
        (2021000687, '59.9824', 82.0098, 1, 0, 1),
        (2021000687, '074.9245A', 100.1279, 1, 0, 1),
        (2021000687, '074.9691B', 99.2304, 1, 0, 1),
        (2021000687, '084.8145B', 109.8878, 1, 0, 1),
        (2021000680, '059.9307A', 78.3393, 63, 59, 122),
        (2021000680, '076.6182A', 99.2497, 16, 14, 30),
        (2021000680, '084.9598A', 109.7164, 177, 174, 351),
        (2021000680, '084.9598B', 110.7181, 102, 100, 202),
        (2021000680, '084.9260C', 111.1254, 110, 106, 216),
        (2021000680, '84.9598', 109.7164, 6, 5, 11),
        (2021000680, '084.9598E', 110.7181, 2, 0, 2),
        (2021000655, '084.3250A', 116.6074, 42, 44, 86),
        (2021000655, '084.6160B', 117.2238, 22, 21, 43),
        (2021000655, '084.8040C', 117.6279, 42, 44, 86),
        (2021000655, '84.707', 117.3384, 22, 21, 43),
        (2021000655, '109.4590C', 152.6923, 2, 0, 2),
        (2021000655, '116.1390A', 162.6003, 2, 0, 2),
        (2021000655, '117.1550B', 163.3103, 1, 0, 1),
        (2021000655, '117.246', 163.425, 1, 0, 1),
        (2021000654, '084.3250A', 116.6072, 42, 44, 86),
        (2021000654, '084.6160B', 117.2235, 22, 21, 43),
        (2021000654, '084.8040C', 117.6276, 42, 44, 86),
        (2021000654, '84.707', 117.3382, 22, 21, 43),
        (2021000654, '109.4590C', 152.692, 2, 0, 2),
        (2021000654, '116.1390A', 162.6, 2, 0, 2),
        (2021000654, '117.1550B', 163.3099, 1, 0, 1),
        (2021000654, '117.246', 163.4246, 1, 0, 1),
        (2021000634, '075.9670A', 96.8074, 132, 120, 252),
        (2021000634, '075.9287B', 96.8128, 129, 118, 247),
        (2021000634, '084.9419A', 107.782, 111, 114, 225),
        (2021000634, '084.8858B', 107.8029, 106, 114, 220),
        (2021000616, '059.9841A', 80.9142, 107, 104, 211),
        (2021000616, '059.9849B', 81.1814, 52, 50, 102),
        (2021000616, '74.9803', 99.9597, 73, 69, 142),
        (2021000616, '084.9838A', 113.7283, 191, 186, 377),
        (2021000616, '084.9838B', 113.7283, 192, 189, 381),
        (2021000616, '084.9896C', 113.4677, 146, 144, 290),
        (2021000564, '059.9994A', 79.2528, 8, 6, 14),
        (2021000564, '059.9635B', 79.0772, 19, 18, 37),
        (2021000564, '084.8411A', 110.4074, 86, 78, 164),
        (2021000564, '084.9997B', 111.3086, 2, 3, 5),
        (2021000564, '116.9729', 151.6562, 13, 3, 16),
        (2021000564, '146.5346', 191.894, 5, 2, 7),
        (2021000564, '196.9913', 258.2556, 4, 2, 6),
        (2021000516, '084.0964A', 111.0435, 26, 30, 56),
        (2021000516, '084.0964B', 111.0435, 15, 13, 28),
        (2021000516, '084.8514C', 111.8397, 5, 5, 10),
        (2021000516, '84.0835', 111.0428, 48, 60, 108),
        (2021000516, '084.2087E', 111.5263, 12, 7, 19),
        (2021000516, '84.2087', 111.5263, 6, 5, 11),
        (2021000516, '084.1277G', 110.0931, 11, 11, 22),
        (2021000516, '084.0593H', 109.9655, 1, 0, 1),
        (2021000516, '084.0505I', 109.3523, 16, 19, 35),
        (2021000516, '084.3580J', 112.0259, 4, 0, 4),
        (2021000516, '084.2924K', 112.1403, 14, 16, 30),
        (2021000516, '084.2718L', 110.5326, 14, 16, 30),
        (2021000516, '084.4162M', 111.3703, 6, 5, 11),
        (2021000516, '084.2515N', 112.184, 9, 7, 16),
        (2021000516, '084.0536O', 112.0597, 7, 5, 12),
        (2021000516, '084.2410P', 114.5254, 4, 0, 4),
        (2021000516, '084.2410Q', 114.5254, 2, 0, 2),
        (2021000516, '084.5069R', 110.6975, 5, 2, 7),
        (2021000516, '084.0754S', 111.4549, 6, 2, 8),
        (2021000516, '084.0941T', 111.9394, 4, 1, 5),
        (2021000617, '74.95', 105.4788, 56, 51, 107),
        (2021000617, '84.87', 118.2865, 130, 125, 255),
        (2021000617, '101.13', 140.3401, 59, 7, 66),
        (2021000675, '059.9448A', 78.3807, 91, 91, 182),
        (2021000675, '059.9525B', 78.4472, 21, 20, 41),
        (2021000675, '059.9448C', 78.6772, 3, 2, 5),
        (2021000675, '065.0978A', 85.3325, 16, 16, 32),
        (2021000675, '065.0978B', 85.6286, 6, 5, 11),
        (2021000675, '084.9897A', 109.9584, 56, 59, 115),
        (2021000675, '084.9099B', 110.0265, 25, 22, 47),
        (2021000675, '084.9897C', 110.3126, 10, 13, 23),
        (2021000664, '74.7945', 97.4205, 36, 35, 71),
        (2021000664, '84.9053', 110.0599, 65, 65, 130),
        (2021000664, '84.9863', 110.8802, 17, 20, 37),
        (2021000653, '049.5923A', 70.4572, 20, 20, 40),
        (2021000653, '049.5923B', 69.7033, 18, 19, 37),
        (2021000653, '059.9793A', 82.6871, 103, 100, 203),
        (2021000653, '059.7632B', 81.4713, 68, 66, 134),
        (2021000653, '059.9793C', 82.7584, 82, 80, 162),
        (2021000653, '59.7632', 81.5424, 58, 55, 113),
        (2021000620, '074.7500A', 97.5184, 36, 196, 232),
        (2021000620, '074.8400B', 97.6358, 7, 34, 41),
        (2021000620, '074.9800C', 97.8184, 6, 9, 15),
        (2021000620, '084.9700A', 110.8513, 49, 257, 306),
        (2021000620, '084.8900B', 110.747, 14, 45, 59),
        (2021000620, '084.7600C', 110.5774, 19, 109, 128),
        (2021000620, '84.94', 110.8122, 17, 72, 89),
        (2021000463, '084.9389A', 118.5438, 137, 141, 278),
        (2021000463, '084.3549B', 114.8835, 22, 24, 46),
        (2021000463, '084.9198C', 120.5135, 22, 24, 46),
        (2021000463, '84.9389', 118.7704, 88, 87, 175),
        (2021000463, '084.9962E', 117.4795, 22, 24, 46),
        (2021000463, '084.9928G', 117.4778, 22, 24, 46),
        (2021000463, '084.8120H', 115.7893, 22, 24, 46),
        (2021000463, '084.9976I', 118.3241, 68, 61, 129),
        (2021000657, '060.9700A', 87.194, 14, 19, 33),
        (2021000657, '060.9000B', 87.4406, 11, 11, 22),
        (2021000657, '69.92', 99.5148, 22, 30, 52),
        (2021000657, '84.56', 119.5538, 104, 0, 104),
        (2021000625, '084.9662A', 111.5648, 109, 106, 215),
        (2021000625, '084.9718B', 113.2839, 76, 71, 147),
        (2021000625, '084.7824C', 112.0256, 92, 86, 178),
        (2021000625, '99.3107', 130.5036, 55, 8, 63),
        (2021000625, '109.7953', 143.4806, 17, 3, 20),
        (2021000602, '75.596', 97.2919, 25, 29, 54),
        (2021000602, '084.8009A', 108.6666, 66, 64, 130),
        (2021000602, '084.9199B', 109.935, 10, 15, 25),
        (2021000602, '084.9403C', 110.5829, 25, 27, 52),
        (2021000602, '117.1883', 152.986, 1, 0, 1),
        (2021000602, '122.4271A', 160.7359, 1, 0, 1),
        (2021000602, '122.4896B', 162.6483, 1, 0, 1),
        (2021000633, '059.9336A', 80.4138, 177, 177, 354),
        (2021000633, '059.7983B', 80.7958, 67, 66, 133),
        (2021000633, '074.6698A', 99.6384, 19, 20, 39),
        (2021000629, '35.4192', 50.2081, 24, 0, 24),
        (2021000629, '059.9370A', 84.4241, 38, 0, 38),
        (2021000629, '059.9567B', 82.6231, 9, 0, 9),
        (2021000629, '059.9519C', 83.7961, 9, 0, 9),
        (2021000610, '084.6218A', 108.9063, 63, 56, 119),
        (2021000610, '084.6218B', 108.9063, 100, 100, 200),
        (2021000610, '084.8796C', 109.0887, 82, 76, 158),
        (2021000610, '128.9523', 169.8303, 6, 0, 6),
        (2021000604, '084.6679A', 114.0835, 34, 30, 64),
        (2021000604, '084.7934B', 116.3468, 27, 21, 48),
        (2021000604, '084.7217C', 113.4081, 32, 30, 62),
        (2021000601, '050.4330A', 64.789, 1, 0, 1),
        (2021000601, '050.4380B', 64.79, 1, 0, 1),
        (2021000601, '051.4210A', 66.42, 21, 20, 41),
        (2021000601, '051.4210B', 66.42, 2, 0, 2),
        (2021000601, '052.2180A', 67.354, 5, 5, 10),
        (2021000601, '052.2180B', 67.354, 5, 5, 10),
        (2021000601, '054.8030A', 70.413, 1, 0, 1),
        (2021000601, '054.8030B', 70.413, 1, 0, 1),
        (2021000600, '065.5700A', 86.7699, 59, 60, 119),
        (2021000600, '065.2600B', 86.7676, 15, 12, 27),
        (2021000600, '065.0200C', 86.1517, 49, 50, 99),
        (2021000600, '65.15', 87.1619, 25, 24, 49),
        (2021000600, '075.9700A', 100.2633, 35, 32, 67),
        (2021000600, '075.8100B', 100.196, 26, 24, 50),
        (2021000589, '59.146', 78.332, 31, 25, 56),
        (2021000605, '59.9919', 84.614, 1, 0, 1),
        (2021000605, '059.9919C', 84.6147, 31, 16, 47),
        (2021000605, '069.2114B', 97.6463, 17, 7, 24),
        (2021000605, '077.6290A', 108.8452, 17, 7, 24),
        (2021000591, '064.9300A', 76.53, 16, 0, 16),
        (2021000591, '064.9900B', 76.6, 16, 0, 16),
        (2021000591, '064.9300C', 76.53, 1, 0, 1),
        (2021000591, '64.99', 76.6, 1, 0, 1),
        (2021000591, '070.0500A', 82.57, 16, 0, 16),
        (2021000591, '070.0500B', 82.57, 1, 0, 1),
        (2021000596, '084.9908A', 112.5005, 236, 234, 470),
        (2021000596, '084.9396B', 112.1745, 211, 209, 420),
        (2021000596, '084.9344T', 111.107, 8, 4, 12),
        (2021000582, '66.8113', 94.9824, 11, 9, 20),
        (2021000582, '68.9883', 97.4797, 56, 41, 97),
        (2021000582, '84.997', 120.0342, 17, 23, 40),
        (2021000580, '084.8849A', 111.2633, 173, 166, 339),
        (2021000580, '084.6846C', 111.0007, 18, 14, 32),
        (2021000580, '84.9461', 111.3435, 34, 29, 63),
        (2021000580, '114.8544A', 150.546, 45, 6, 51),
        (2021000580, '114.7426B', 150.3992, 55, 7, 62),
        (2021000580, '114.9968P', 150.7326, 2, 0, 2),
        (2021000580, '117.6292A', 154.1828, 148, 22, 170),
        (2021000580, '139.8321P', 183.2856, 1, 0, 1),
        (2021000580, '139.2157P', 182.4776, 1, 0, 1),
        (2021000580, '139.9603P', 183.4536, 1, 0, 1),
        (2021000580, '139.8177P', 183.2667, 1, 0, 1),
        (2021000580, '145.8463P', 191.1687, 2, 0, 2),
        (2021000580, '145.3377P', 190.5021, 2, 0, 2),
        (2021000603, '060.7281A', 80.8152, 7, 5, 12),
        (2021000603, '060.5685B', 80.6076, 5, 5, 10),
        (2021000603, '084.9749A', 110.4633, 111, 104, 215),
        (2021000603, '084.9217B', 111.6034, 27, 27, 54),
        (2021000578, '59.9568', 84.6729, 24, 26, 50),
        (2021000578, '059.6481A', 83.9053, 302, 303, 605),
        (2021000578, '059.6538B', 84.0629, 18, 15, 33),
        (2021000578, '059.9982C', 84.3936, 158, 156, 314),
        (2021000578, '59.9982', 84.4687, 34, 35, 69),
        (2021000578, '072.0452A', 100.7778, 126, 124, 250),
        (2021000578, '072.0506B', 100.4418, 67, 65, 132),
        (2021000578, '072.6719C', 100.7448, 48, 50, 98),
        (2021000578, '72.6572', 100.9054, 53, 50, 103),
        (2021000578, '072.7590E', 101.4871, 31, 30, 61),
        (2021000578, '84.5115', 117.4413, 33, 35, 68),
        (2021000578, '084.7822A', 116.8345, 33, 35, 68),
        (2021000578, '084.3879B', 116.1906, 52, 50, 102),
        (2021000578, '084.7822C', 117.0459, 33, 35, 68),
        (2021000578, '84.4409', 116.7635, 103, 105, 208),
        (2021000578, '084.4409E', 116.9507, 51, 50, 101),
        (2021000578, '105.3774', 150.437, 3, 0, 3),
        (2021000559, '84.99', 114.7455, 5, 4, 9),
        (2021000559, '84.81', 115.2577, 2, 1, 3),
        (2021000559, '084.9900A', 114.7455, 33, 194, 227),
        (2021000559, '084.8100B', 115.2577, 12, 67, 79),
        (2021000536, '66.2324', 88.6313, 8, 8, 16),
        (2021000536, '68.0982', 91.4271, 8, 8, 16),
        (2021000536, '069.0984A', 93.1721, 6, 7, 13),
        (2021000536, '069.0237B', 92.7686, 14, 13, 27),
        (2021000587, '059.9821A', 83.5221, 84, 89, 173),
        (2021000587, '059.9931B', 83.6357, 26, 26, 52),
        (2021000569, '084.9938A', 112.7684, 1, 0, 1),
        (2021000569, '084.9773B', 112.9918, 4, 4, 8),
        (2021000569, '084.9773C', 112.9918, 4, 3, 7),
        (2021000569, '84.4405', 112.8903, 4, 3, 7),
        (2021000569, '084.9972E', 112.893, 2, 1, 3),
        (2021000569, '84.8672', 113.2237, 10, 11, 21),
        (2021000569, '084.8452G', 113.2195, 8, 11, 19),
        (2021000569, '084.3084H', 113.118, 7, 11, 18),
        (2021000569, '084.9889I', 113.3341, 1, 1, 2),
        (2021000569, '084.8589J', 113.6648, 8, 5, 13),
        (2021000569, '084.3001K', 113.5592, 8, 5, 13),
        (2021000569, '084.3001L', 113.5592, 8, 4, 12),
        (2021000343, '68.9262', 90.4947, 56, 47, 103),
        (2021000343, '84.9673', 111.3067, 213, 181, 394),
        (2021000343, '84.9022', 111.505, 144, 181, 325),
        (2021000554, '059.7300A', 90.56, 38, 36, 74),
        (2021000554, '059.9700B', 91.57, 38, 36, 74),
        (2021000554, '059.9700C', 93.02, 13, 15, 28),
        (2021000554, '59.89', 91.73, 13, 15, 28),
        (2021000554, '059.9700E', 90.81, 14, 13, 27),
        (2021000554, '67.48', 102.14, 18, 19, 37),
        (2021000584, '59.8008', 79.1556, 42, 36, 78),
        (2021000584, '84.465', 110.0035, 165, 160, 325),
        (2021000583, '65.9649', 88.9432, 181, 175, 356),
        (2021000583, '84.465', 112.8004, 331, 329, 660),
        (2021000583, '105.6849', 140.4352, 44, 6, 50),
        (2021000563, '84.9805', 113.6075, 47, 43, 90),
        (2021000563, '89.0525', 118.7993, 30, 6, 36),
        (2021000563, '101.0192', 136.2544, 31, 5, 36),
        (2021000556, '084.6825A', 110.9676, 67, 69, 136),
        (2021000556, '084.7634B', 110.9975, 26, 26, 52),
        (2021000517, '54.8736', 74.0439, 80, 164, 244),
        (2021000517, '065.7289A', 86.8048, 50, 108, 158),
        (2021000517, '065.4777B', 88.4202, 39, 87, 126),
        (2021000517, '065.3007C', 86.7281, 15, 28, 43),
        (2021000517, '65.3007', 86.7281, 9, 15, 24),
        (2021000517, '75.7226', 100.0463, 49, 102, 151),
        (2021000517, '084.9286A', 109.193, 57, 121, 178),
        (2021000517, '084.7415B', 109.5978, 25, 49, 74),
        (2021000581, '084.9978A', 109.0935, 24, 20, 44),
        (2021000581, '084.9661B', 109.8838, 15, 15, 30),
        (2021000581, '084.9759C', 110.1607, 15, 15, 30),
        (2021000581, '84.9812', 109.3006, 24, 21, 45),
        (2021000581, '119.9945A', 152.9449, 131, 18, 149),
        (2021000581, '119.8410B', 152.2449, 66, 9, 75);



insert into APT_INFO_TARGET_SPECIAL (NOTIFICATION_NUMBER_ID, HOUSING_TYPE, SUPPLY_FIRST_LIFE, SUPPLY_INSTITUTIONAL_RECOMMENDATION, SUPPLY_MULTI_CHILD_HOUSEHOLD, SUPPLY_NEWLY_MARRIED_COUPLE, SUPPLY_OLD_PARENT_SUPPORT, SUPPLY_OTHER, SUPPLY_TRANSFER_AGENCY)
values  (2021000868, '081.9120A', 2, 3, 3, 7, 1, 0, 0),
        (2021000868, '083.9450A', 6, 7, 8, 15, 2, 0, 0),
        (2021000868, '083.9451B', 2, 4, 3, 7, 1, 0, 0),
        (2021000854, '059.9774A', 0, 0, 0, 0, 0, 0, 0),
        (2021000854, '059.9583B', 0, 0, 0, 0, 0, 0, 0),
        (2021000854, '059.8908C', 0, 0, 0, 0, 0, 0, 0),
        (2021000854, '059.7268C', 0, 0, 0, 0, 0, 0, 0),
        (2021000749, '59.9463', 2, 3, 3, 6, 0, 0, 0),
        (2021000749, '66.4104', 0, 0, 0, 1, 0, 0, 0),
        (2021000749, '84.9523', 3, 5, 5, 10, 1, 0, 0),
        (2021000749, '84.9213', 3, 5, 5, 11, 1, 0, 0),
        (2021000749, '95.2873', 0, 0, 1, 0, 0, 0, 0),
        (2021000749, '119.6903', 0, 0, 4, 0, 1, 0, 0),
        (2021000749, '138.5903', 0, 0, 1, 0, 0, 0, 0),
        (2021000863, '084.8752A', 1, 2, 4, 6, 1, 0, 0),
        (2021000863, '084.5316B', 1, 2, 3, 6, 1, 0, 0),
        (2021000857, '59.864', 3, 5, 5, 11, 3, 0, 0),
        (2021000857, '074.9533A', 1, 1, 1, 3, 0, 0, 0),
        (2021000857, '074.9370B', 4, 7, 7, 14, 2, 0, 0),
        (2021000857, '084.9611B', 0, 0, 0, 0, 0, 0, 0),
        (2021000851, '084.9321A', 39, 26, 26, 52, 8, 0, 0),
        (2021000851, '084.9589B', 8, 5, 5, 11, 2, 0, 0),
        (2021000851, '084.9339C', 4, 2, 2, 5, 1, 0, 0),
        (2021000850, '084.9321A', 17, 11, 11, 23, 4, 0, 0),
        (2021000850, '084.9589B', 35, 23, 23, 47, 8, 0, 0),
        (2021000850, '084.9339C', 18, 12, 12, 25, 4, 0, 0),
        (2021000831, '059.8970E', 0, 0, 0, 1, 0, 0, 0),
        (2021000831, '059.8550G', 0, 1, 1, 0, 0, 0, 0),
        (2021000831, '059.9440H', 0, 1, 1, 1, 0, 0, 0),
        (2021000831, '059.9880I', 0, 0, 0, 1, 0, 0, 0),
        (2021000831, '71.778', 0, 0, 0, 1, 0, 0, 0),
        (2021000831, '084.9880A', 1, 1, 1, 2, 1, 0, 0),
        (2021000831, '084.9680A', 0, 0, 0, 0, 0, 0, 0),
        (2021000831, '084.9760B', 1, 1, 1, 2, 1, 0, 0),
        (2021000831, '084.9890C', 1, 1, 1, 2, 0, 0, 0),
        (2021000831, '84.987', 1, 1, 1, 2, 0, 0, 0),
        (2021000829, '049.8290A', 2, 2, 2, 7, 1, 0, 0),
        (2021000829, '050.9432B', 2, 2, 2, 7, 1, 0, 0),
        (2021000829, '051.0868C', 0, 0, 0, 0, 0, 0, 0),
        (2021000829, '51.0868', 1, 1, 1, 3, 0, 0, 0),
        (2021000829, '051.2791E', 1, 1, 1, 3, 0, 0, 0),
        (2021000829, '51.9447', 1, 1, 1, 3, 0, 0, 0),
        (2021000829, '77.7477', 1, 1, 1, 3, 0, 0, 0),
        (2021000827, '084.7064A', 62, 41, 41, 82, 12, 0, 0),
        (2021000827, '084.8692B', 26, 17, 17, 35, 5, 0, 0),
        (2021000827, '084.8736C', 28, 18, 18, 37, 5, 0, 0),
        (2021000825, '084.9404A', 20, 14, 11, 28, 3, 0, 0),
        (2021000825, '084.9958B', 37, 24, 18, 46, 6, 0, 0),
        (2021000825, '084.9863C', 11, 7, 6, 16, 2, 0, 0),
        (2021000825, '118.9928A', 0, 0, 10, 0, 3, 0, 0),
        (2021000801, '67.5693', 4, 6, 6, 13, 2, 0, 0),
        (2021000801, '084.6975A', 15, 20, 22, 44, 6, 0, 0),
        (2021000801, '084.7772B', 13, 16, 19, 39, 5, 0, 0),
        (2021000801, '99.7273', 0, 0, 5, 0, 1, 0, 0),
        (2021000796, '084.8260A', 1, 2, 2, 5, 0, 0, 0),
        (2021000796, '084.9636B', 1, 2, 2, 4, 0, 0, 0),
        (2021000796, '084.8857C', 1, 2, 2, 5, 0, 0, 0),
        (2021000796, '84.5199', 5, 7, 7, 15, 2, 0, 0),
        (2021000796, '084.5199E', 1, 2, 2, 4, 0, 0, 0),
        (2021000796, '84.5044', 4, 5, 5, 11, 1, 0, 0),
        (2021000796, '89.6962', 0, 0, 0, 0, 0, 0, 0),
        (2021000796, '90.4831', 0, 0, 0, 0, 0, 0, 0),
        (2021000796, '91.2064', 0, 0, 0, 0, 0, 0, 0),
        (2021000796, '92.379', 0, 0, 0, 0, 0, 0, 0),
        (2021000796, '93.1117', 0, 0, 0, 0, 0, 0, 0),
        (2021000796, '95.0146', 0, 0, 0, 0, 0, 0, 0),
        (2021000796, '96.6882', 0, 0, 0, 0, 0, 0, 0),
        (2021000796, '114.7231', 0, 0, 5, 0, 1, 0, 0),
        (2021000781, '084.9137A', 9, 6, 6, 12, 2, 0, 6),
        (2021000781, '084.9132B', 33, 22, 23, 44, 5, 0, 22),
        (2021000781, '084.7856C', 9, 6, 6, 12, 2, 0, 6),
        (2021000781, '116.4552', 0, 0, 5, 0, 2, 0, 6),
        (2021000781, '117.4509', 0, 0, 5, 0, 2, 0, 5),
        (2021000772, '084.9132B', 52, 35, 35, 70, 10, 0, 35),
        (2021000772, '084.7856C', 33, 22, 22, 44, 7, 0, 22),
        (2021000772, '116.4552', 0, 0, 15, 0, 4, 0, 15),
        (2021000772, '117.4509', 0, 0, 15, 0, 5, 0, 15),
        (2021000795, '084.7930A', 15, 21, 21, 43, 6, 0, 0),
        (2021000795, '084.9190B', 7, 10, 10, 20, 3, 0, 0),
        (2021000795, '084.9789C', 5, 7, 7, 14, 2, 0, 0),
        (2021000795, '106.9424A', 0, 0, 6, 0, 1, 0, 0),
        (2021000795, '106.9594B', 0, 0, 3, 0, 1, 0, 0),
        (2021000795, '129.1138A', 0, 0, 0, 0, 0, 0, 0),
        (2021000795, '129.8284B', 0, 0, 0, 0, 0, 0, 0),
        (2021000795, '141.9878', 0, 0, 0, 0, 0, 0, 0),
        (2021000794, '084.9939A', 36, 56, 52, 106, 15, 0, 0),
        (2021000794, '084.9927B', 3, 8, 4, 10, 1, 0, 0),
        (2021000794, '084.9091C', 8, 10, 12, 22, 3, 0, 0),
        (2021000794, '84.9939', 4, 0, 6, 11, 2, 0, 0),
        (2021000794, '99.5304', 0, 0, 8, 0, 3, 0, 0),
        (2021000833, '059.9600A', 0, 0, 0, 0, 0, 0, 0),
        (2021000833, '059.9200B', 0, 0, 0, 0, 0, 0, 0),
        (2021000833, '074.9200A', 0, 0, 0, 0, 0, 0, 0),
        (2021000833, '074.8800B', 0, 0, 0, 0, 0, 0, 0),
        (2021000833, '084.9600A', 0, 0, 0, 0, 0, 0, 0),
        (2021000830, '084.0000A', 0, 0, 0, 0, 0, 0, 0),
        (2021000830, '084.7098B', 0, 0, 0, 0, 0, 0, 0),
        (2021000830, '084.9964C', 0, 0, 0, 0, 0, 0, 0),
        (2021000830, '84.9559', 0, 0, 0, 0, 0, 0, 0),
        (2021000830, '097.6414T', 0, 0, 0, 0, 0, 0, 0),
        (2021000830, '099.7748A', 0, 0, 0, 0, 0, 0, 0),
        (2021000830, '099.9742B', 0, 0, 0, 0, 0, 0, 0),
        (2021000830, '099.8725C', 0, 0, 0, 0, 0, 0, 0),
        (2021000830, '099.0000T', 0, 0, 0, 0, 0, 0, 0),
        (2021000830, '103.9728T', 0, 0, 0, 0, 0, 0, 0),
        (2021000830, '104.8719T', 0, 0, 0, 0, 0, 0, 0),
        (2021000830, '105.0454T', 0, 0, 0, 0, 0, 0, 0),
        (2021000830, '107.0657T', 0, 0, 0, 0, 0, 0, 0),
        (2021000830, '107.9607T', 0, 0, 0, 0, 0, 0, 0),
        (2021000830, '111.3754T', 0, 0, 0, 0, 0, 0, 0),
        (2021000830, '112.6599T', 0, 0, 0, 0, 0, 0, 0),
        (2021000830, '118.9899T', 0, 0, 0, 0, 0, 0, 0),
        (2021000830, '133.4990P', 0, 0, 0, 0, 0, 0, 0),
        (2021000830, '144.6744P', 0, 0, 0, 0, 0, 0, 0),
        (2021000830, '151.3362P', 0, 0, 0, 0, 0, 0, 0),
        (2021000828, '059.9600A', 0, 0, 0, 0, 0, 0, 0),
        (2021000828, '059.9200B', 0, 0, 0, 0, 0, 0, 0),
        (2021000828, '074.9200A', 0, 0, 0, 0, 0, 0, 0),
        (2021000828, '074.8800B', 0, 0, 0, 0, 0, 0, 0),
        (2021000828, '084.9600A', 0, 0, 0, 0, 0, 0, 0),
        (2021000828, '084.9400B', 0, 0, 0, 0, 0, 0, 0),
        (2021000819, '084.7588A', 18, 26, 26, 52, 8, 0, 0),
        (2021000819, '084.8891B', 9, 13, 13, 26, 3, 0, 0),
        (2021000807, '62.964', 4, 5, 5, 11, 1, 0, 0),
        (2021000807, '084.9687A', 19, 27, 27, 55, 8, 0, 0),
        (2021000807, '084.9587B', 9, 14, 14, 27, 4, 0, 0),
        (2021000792, '084.7900A', 2, 3, 3, 6, 1, 0, 0),
        (2021000792, '084.7900B', 0, 0, 0, 0, 0, 0, 0),
        (2021000792, '116.4000A', 0, 0, 4, 0, 1, 0, 0),
        (2021000792, '116.4000B', 0, 0, 0, 0, 0, 0, 0),
        (2021000790, '059.9464A', 2, 5, 4, 8, 1, 0, 0),
        (2021000790, '059.8029B', 0, 0, 0, 1, 0, 0, 0),
        (2021000790, '75.997', 12, 15, 16, 32, 5, 0, 0),
        (2021000790, '79.9924', 0, 0, 0, 0, 0, 0, 0),
        (2021000816, '42.3272', 3, 4, 4, 9, 1, 0, 0),
        (2021000816, '57.3187', 5, 7, 7, 14, 2, 0, 0),
        (2021000816, '59.7155', 1, 2, 2, 5, 0, 0, 0),
        (2021000814, '084.9146A', 53, 35, 35, 71, 10, 0, 0),
        (2021000814, '084.9365B', 13, 9, 9, 18, 2, 0, 0),
        (2021000814, '084.8888C', 12, 8, 8, 16, 2, 0, 0),
        (2021000793, '059.9482A', 48, 68, 68, 137, 20, 0, 0),
        (2021000793, '059.9209B', 10, 15, 15, 30, 4, 0, 0),
        (2021000793, '074.7584A', 10, 15, 15, 30, 4, 0, 0),
        (2021000793, '074.7244B', 5, 7, 7, 15, 2, 0, 0),
        (2021000793, '084.9912A', 3, 5, 5, 10, 1, 0, 0),
        (2021000793, '084.9908B', 6, 9, 9, 18, 2, 0, 0),
        (2021000803, '52.93', 0, 0, 0, 1, 0, 0, 0),
        (2021000803, '059.9700A', 9, 12, 12, 25, 4, 0, 0),
        (2021000803, '059.8100B', 4, 7, 7, 15, 1, 0, 0),
        (2021000803, '62.97', 7, 10, 10, 20, 3, 0, 0),
        (2021000803, '072.8300A', 7, 10, 10, 20, 3, 0, 0),
        (2021000803, '072.6100B', 2, 4, 4, 8, 1, 0, 0),
        (2021000803, '072.9200C', 4, 7, 7, 15, 2, 0, 0),
        (2021000803, '084.9700A', 3, 5, 5, 10, 2, 0, 0),
        (2021000803, '084.7600B', 1, 2, 2, 4, 0, 0, 0),
        (2021000803, '084.9800C', 5, 7, 7, 15, 2, 0, 0),
        (2021000803, '109.33', 0, 0, 3, 0, 1, 0, 0),
        (2021000822, '084.9860A', 70, 46, 46, 92, 15, 0, 0),
        (2021000822, '084.9888B', 43, 29, 29, 59, 9, 0, 0),
        (2021000822, '116.8943', 0, 0, 6, 0, 1, 0, 0),
        (2021000822, '128.8183', 0, 0, 1, 0, 0, 0, 0),
        (2021000799, '084.9552A', 62, 41, 41, 82, 12, 0, 0),
        (2021000799, '084.9544B', 5, 4, 4, 8, 1, 0, 0),
        (2021000782, '72.9962', 2, 4, 4, 8, 1, 0, 0),
        (2021000782, '79.7094', 1, 1, 1, 3, 0, 0, 0),
        (2021000782, '84.928', 2, 3, 3, 6, 0, 0, 0),
        (2021000765, '057.0107A', 1, 2, 2, 5, 0, 0, 0),
        (2021000765, '084.4843A', 2, 3, 3, 7, 1, 0, 0),
        (2021000736, '75.9101', 12, 17, 17, 34, 5, 0, 0),
        (2021000736, '084.5134A', 53, 75, 75, 151, 23, 0, 0),
        (2021000736, '084.9827B', 7, 10, 10, 20, 3, 0, 0),
        (2021000736, '084.9913C', 5, 7, 7, 15, 2, 0, 0),
        (2021000736, '101.6515', 0, 0, 5, 0, 1, 0, 0),
        (2021000722, '059.7355A', 7, 11, 11, 22, 3, 0, 0),
        (2021000722, '059.7288B', 3, 4, 4, 9, 1, 0, 0),
        (2021000722, '078.5312A', 1, 2, 2, 4, 0, 0, 0),
        (2021000722, '084.7313A', 16, 24, 24, 48, 7, 0, 0),
        (2021000722, '084.3186B', 7, 11, 11, 22, 3, 0, 0),
        (2021000722, '084.5614C', 3, 5, 5, 10, 1, 0, 0),
        (2021000722, '125.1210P', 0, 0, 0, 0, 0, 0, 0),
        (2021000802, '52.59', 2, 2, 2, 5, 0, 0, 0),
        (2021000802, '059.9200A', 5, 7, 7, 14, 2, 0, 0),
        (2021000802, '059.9400B', 2, 2, 2, 4, 1, 0, 0),
        (2021000802, '69.55', 4, 5, 5, 11, 2, 0, 0),
        (2021000802, '84.89', 7, 9, 9, 18, 4, 0, 0),
        (2021000800, '063.6407A', 2, 3, 3, 7, 1, 0, 0),
        (2021000800, '063.8240B', 9, 13, 13, 27, 4, 0, 0),
        (2021000800, '75.7799', 24, 35, 35, 70, 10, 0, 0),
        (2021000784, '059.9617A', 4, 6, 6, 12, 2, 0, 0),
        (2021000784, '059.9736B', 1, 2, 2, 4, 1, 0, 0),
        (2021000784, '074.9947A', 11, 15, 15, 31, 5, 0, 0),
        (2021000784, '074.9947B', 4, 6, 6, 12, 2, 0, 0),
        (2021000784, '084.9913A', 1, 1, 1, 3, 0, 0, 0),
        (2021000704, '066.9687A', 3, 4, 4, 9, 1, 0, 0),
        (2021000704, '066.8499B', 1, 2, 2, 4, 0, 0, 0),
        (2021000704, '76.6971', 8, 12, 12, 22, 4, 0, 0),
        (2021000780, '059.9700A', 84, 56, 56, 112, 16, 0, 0),
        (2021000780, '059.9659B', 20, 13, 13, 27, 4, 0, 0),
        (2021000780, '059.9559C', 30, 20, 20, 40, 6, 0, 0),
        (2021000780, '59.847', 13, 8, 8, 17, 2, 0, 0),
        (2021000780, '084.9210A', 27, 18, 18, 37, 5, 0, 0),
        (2021000780, '084.7106B', 31, 20, 20, 41, 6, 0, 0),
        (2021000780, '084.9820C', 24, 16, 16, 33, 4, 0, 0),
        (2021000780, '84.9646', 29, 19, 19, 39, 5, 0, 0),
        (2021000777, '102.0221A', 0, 0, 31, 0, 9, 0, 0),
        (2021000777, '107.8421A', 0, 0, 7, 0, 2, 0, 0),
        (2021000777, '132.9686A', 0, 0, 5, 0, 1, 0, 0),
        (2021000777, '132.4631B', 0, 0, 9, 0, 3, 0, 0),
        (2021000777, '132.2489C', 0, 0, 3, 0, 1, 0, 0),
        (2021000739, '82.4962', 4, 5, 5, 11, 1, 0, 0),
        (2021000739, '84.9687', 9, 14, 14, 27, 4, 0, 0),
        (2021000677, '072.4132A', 3, 4, 4, 9, 1, 0, 0),
        (2021000677, '072.4132B', 6, 8, 8, 16, 3, 0, 0),
        (2021000677, '072.4132C', 2, 4, 4, 8, 1, 0, 0),
        (2021000774, '59.696', 18, 28, 26, 53, 7, 0, 0),
        (2021000774, '059.6960P', 1, 0, 1, 3, 1, 0, 0),
        (2021000774, '63.3641', 9, 13, 12, 25, 3, 0, 0),
        (2021000774, '063.3641C', 0, 0, 0, 0, 0, 0, 0),
        (2021000774, '063.3641P', 1, 0, 1, 1, 1, 0, 0),
        (2021000774, '84.7085', 7, 12, 12, 23, 3, 0, 0),
        (2021000774, '084.7085P', 1, 0, 1, 1, 1, 0, 0),
        (2021000770, '084.5448A', 1, 2, 1, 3, 1, 0, 2),
        (2021000770, '084.5118B', 1, 2, 2, 3, 0, 0, 2),
        (2021000770, '084.8750C', 0, 1, 0, 2, 0, 0, 1),
        (2021000770, '84.069', 1, 1, 0, 2, 0, 0, 1),
        (2021000770, '084.0070E', 1, 2, 2, 3, 1, 0, 1),
        (2021000770, '84.937', 1, 1, 2, 3, 1, 0, 2),
        (2021000770, '084.3712G', 1, 0, 1, 2, 0, 0, 0),
        (2021000770, '084.9168H', 1, 0, 1, 2, 0, 0, 0),
        (2021000761, '72.665', 1, 2, 1, 2, 1, 0, 0),
        (2021000761, '78.2006', 2, 2, 3, 5, 1, 0, 0),
        (2021000761, '84.983', 1, 1, 1, 2, 0, 0, 0),
        (2021000748, '062.9691B', 10, 14, 14, 29, 4, 0, 0),
        (2021000748, '074.9676A', 11, 16, 16, 32, 4, 0, 0),
        (2021000748, '074.9676B', 1, 2, 2, 4, 0, 0, 0),
        (2021000748, '74.9678', 6, 9, 9, 18, 2, 0, 0),
        (2021000748, '074.7276E', 6, 9, 9, 18, 2, 0, 0),
        (2021000748, '084.9959A', 9, 13, 13, 26, 4, 0, 0),
        (2021000748, '084.9959B', 4, 6, 6, 13, 2, 0, 0),
        (2021000748, '84.9658', 7, 10, 10, 20, 3, 0, 0),
        (2021000748, '084.8537E', 7, 10, 10, 20, 3, 0, 0),
        (2021000748, '104.9454A', 0, 0, 0, 0, 0, 0, 0),
        (2021000731, '76.8886', 0, 0, 0, 0, 0, 0, 0),
        (2021000731, '084.9366A', 0, 0, 0, 0, 0, 0, 0),
        (2021000731, '084.9685B', 0, 0, 0, 0, 0, 0, 0),
        (2021000731, '101.7229', 0, 0, 0, 0, 0, 0, 0),
        (2021000731, '110.4614', 0, 0, 0, 0, 0, 0, 0),
        (2021000731, '113.8592A', 0, 0, 0, 0, 0, 0, 0),
        (2021000731, '113.9564B', 0, 0, 0, 0, 0, 0, 0),
        (2021000710, '084.9301A', 104, 69, 69, 138, 20, 0, 0),
        (2021000710, '084.9786B', 8, 5, 5, 10, 2, 0, 0),
        (2021000710, '121.9504', 0, 0, 7, 0, 2, 0, 0),
        (2021000700, '059.9324A', 12, 18, 18, 36, 5, 0, 0),
        (2021000700, '059.9499B', 2, 2, 2, 5, 1, 0, 0),
        (2021000700, '059.4150C', 1, 1, 2, 3, 1, 0, 0),
        (2021000700, '84.7391', 4, 5, 5, 10, 1, 0, 0),
        (2021000773, '084.9473A', 8, 12, 12, 25, 3, 0, 0),
        (2021000773, '084.6284B', 4, 6, 6, 13, 1, 0, 0),
        (2021000773, '084.8980C', 1, 1, 1, 3, 0, 0, 0),
        (2021000773, '84.6284', 0, 0, 0, 1, 0, 0, 0),
        (2021000773, '110.6696', 0, 0, 1, 0, 0, 0, 0),
        (2021000646, '059.8440A', 2, 2, 2, 5, 1, 0, 0),
        (2021000646, '059.9500B', 1, 2, 2, 4, 1, 0, 0),
        (2021000646, '059.5980C', 1, 2, 2, 4, 0, 0, 0),
        (2021000646, '59.913', 1, 2, 2, 4, 0, 0, 0),
        (2021000646, '098.9210P', 0, 0, 0, 0, 0, 0, 0),
        (2021000646, '099.2700P', 0, 0, 0, 0, 0, 0, 0),
        (2021000646, '111.2880P', 0, 0, 0, 0, 0, 0, 0),
        (2021000646, '114.5280P', 0, 0, 1, 0, 0, 0, 0),
        (2021000760, '59.9914', 42, 28, 28, 57, 8, 28, 0),
        (2021000760, '73.9822', 36, 24, 24, 49, 7, 24, 0),
        (2021000760, '84.9642', 88, 59, 59, 118, 17, 59, 0),
        (2021000759, '84.944', 13, 19, 19, 38, 5, 0, 0),
        (2021000752, '084.9660A', 24, 35, 35, 70, 10, 0, 0),
        (2021000752, '084.9250B', 24, 35, 35, 70, 9, 0, 0),
        (2021000752, '084.9584C', 3, 4, 4, 9, 1, 0, 0),
        (2021000752, '92.9413', 0, 0, 1, 0, 1, 0, 0),
        (2021000752, '100.7533', 0, 0, 1, 0, 1, 0, 0),
        (2021000726, '084.9356A', 26, 37, 37, 74, 11, 0, 0),
        (2021000726, '084.9468B', 16, 23, 23, 46, 8, 0, 0),
        (2021000726, '113.4614', 0, 0, 4, 0, 1, 0, 0),
        (2021000726, '115.401', 0, 0, 3, 0, 1, 0, 0),
        (2021000726, '161.9372', 0, 0, 0, 0, 0, 0, 0),
        (2021000721, '084.8989A', 4, 5, 5, 10, 2, 0, 0),
        (2021000721, '084.9913B', 3, 5, 5, 10, 1, 0, 0),
        (2021000721, '084.9741C', 2, 2, 2, 5, 1, 0, 0),
        (2021000721, '84.763', 3, 4, 4, 9, 1, 0, 0),
        (2021000697, '59.8278', 0, 1, 0, 2, 0, 0, 0),
        (2021000697, '084.9897A', 2, 4, 6, 3, 1, 0, 0),
        (2021000697, '084.9589B', 5, 7, 10, 7, 2, 0, 0),
        (2021000628, '59.9204', 8, 12, 12, 25, 3, 0, 0),
        (2021000628, '084.9398A', 3, 4, 4, 8, 1, 0, 0),
        (2021000628, '084.9906B', 9, 14, 14, 27, 4, 0, 0),
        (2021000628, '084.9963C', 6, 8, 8, 17, 2, 0, 0),
        (2021000683, '077.9977A', 24, 16, 16, 32, 4, 0, 0),
        (2021000683, '077.9957B', 7, 4, 4, 9, 1, 0, 0),
        (2021000683, '084.9818A', 54, 36, 36, 72, 10, 0, 0),
        (2021000683, '084.9885B', 13, 9, 9, 18, 2, 0, 0),
        (2021000682, '059.9784A', 41, 27, 27, 55, 8, 0, 0),
        (2021000682, '059.9706B', 13, 9, 9, 18, 2, 0, 0),
        (2021000682, '059.9854C', 17, 11, 11, 22, 3, 0, 0),
        (2021000682, '072.9610A', 33, 22, 22, 45, 6, 0, 0),
        (2021000682, '072.9637B', 24, 16, 16, 32, 4, 0, 0),
        (2021000682, '084.9818A', 42, 28, 28, 56, 8, 0, 0),
        (2021000682, '084.9865B', 13, 9, 9, 18, 2, 0, 0),
        (2021000679, '059.9322A', 12, 17, 17, 34, 5, 0, 0),
        (2021000679, '059.9322B', 0, 0, 0, 0, 0, 0, 0),
        (2021000679, '74.2722', 0, 0, 0, 1, 0, 0, 0),
        (2021000679, '84.9674', 2, 3, 3, 7, 1, 0, 0),
        (2021000667, '059.9904A', 9, 14, 14, 27, 4, 0, 0),
        (2021000667, '059.9475B', 5, 7, 7, 14, 2, 0, 0),
        (2021000667, '084.9299A', 16, 23, 23, 46, 7, 0, 0),
        (2021000667, '084.8924B', 9, 13, 13, 26, 4, 0, 0),
        (2021000667, '084.9855C', 2, 2, 2, 5, 1, 0, 0),
        (2021000667, '084.9818T', 1, 1, 1, 3, 0, 0, 0),
        (2021000667, '102.7755T', 0, 0, 1, 0, 0, 0, 0),
        (2021000667, '107.8706', 0, 0, 9, 0, 3, 0, 0),
        (2021000606, '084.9735A', 4, 5, 5, 10, 1, 0, 0),
        (2021000606, '084.7712B', 2, 2, 2, 4, 1, 0, 0),
        (2021000606, '084.2552C', 2, 2, 2, 4, 1, 0, 0),
        (2021000744, '059.9800A', 58, 36, 24, 70, 12, 0, 0),
        (2021000744, '059.9900B', 19, 11, 7, 22, 4, 0, 0),
        (2021000744, '059.9700C', 22, 13, 9, 26, 4, 0, 0),
        (2021000744, '059.9800T', 1, 0, 0, 1, 0, 0, 0),
        (2021000744, '059.9900T', 0, 0, 0, 0, 0, 0, 0),
        (2021000744, '059.9701T', 0, 0, 0, 1, 0, 0, 0),
        (2021000744, '059.9702T', 0, 0, 0, 0, 0, 0, 0),
        (2021000735, '059.9400A', 53, 32, 21, 63, 11, 0, 0),
        (2021000735, '059.6400B', 14, 9, 6, 17, 3, 0, 0),
        (2021000735, '059.8400C', 35, 21, 14, 42, 7, 0, 0),
        (2021000735, '074.9600A', 21, 12, 8, 25, 4, 0, 0),
        (2021000735, '074.5200B', 21, 12, 8, 25, 4, 0, 0),
        (2021000735, '084.9500A', 12, 7, 5, 14, 2, 0, 0),
        (2021000735, '084.9600B', 7, 4, 3, 9, 1, 0, 0),
        (2021000695, '084.8280A', 27, 39, 39, 79, 11, 0, 0),
        (2021000695, '084.8689B', 10, 14, 14, 29, 4, 0, 0),
        (2021000695, '084.9668C', 7, 10, 10, 21, 3, 0, 0),
        (2021000695, '114.0832', 0, 0, 3, 0, 1, 0, 0),
        (2021000695, '135.5082', 0, 0, 0, 0, 0, 0, 0),
        (2021000686, '084.9872A', 21, 15, 14, 29, 4, 0, 0),
        (2021000686, '084.9100A', 11, 7, 8, 15, 2, 0, 0),
        (2021000686, '084.9704A', 6, 5, 4, 9, 2, 0, 0),
        (2021000686, '084.9720B', 5, 2, 2, 4, 1, 0, 0),
        (2021000686, '084.9090B', 6, 5, 4, 9, 1, 0, 0),
        (2021000686, '084.9860C', 8, 5, 6, 10, 1, 0, 0),
        (2021000686, '84.9836', 14, 9, 10, 19, 3, 0, 0),
        (2021000725, '74.9969', 7, 11, 11, 22, 3, 0, 0),
        (2021000725, '084.9656A', 22, 32, 32, 65, 9, 0, 0),
        (2021000725, '084.9871B', 13, 19, 19, 39, 5, 0, 0),
        (2021000725, '101.9678', 0, 0, 11, 0, 3, 0, 0),
        (2021000725, '124.0244', 0, 0, 5, 0, 1, 0, 0),
        (2021000696, '059.6236A', 0, 0, 0, 0, 0, 0, 0),
        (2021000696, '059.7656B', 0, 0, 0, 0, 0, 0, 0),
        (2021000696, '074.9929A', 0, 0, 0, 0, 0, 0, 0),
        (2021000696, '074.9744B', 0, 0, 0, 0, 0, 0, 0),
        (2021000696, '074.7312C', 0, 0, 0, 0, 0, 0, 0),
        (2021000696, '83.7111', 0, 0, 0, 0, 0, 0, 0),
        (2021000696, '84.7982', 0, 0, 0, 0, 0, 0, 0),
        (2021000678, '059.8939A', 20, 13, 13, 27, 4, 0, 0),
        (2021000678, '059.9336B', 8, 5, 5, 11, 2, 0, 0),
        (2021000678, '84.6421', 63, 42, 40, 83, 8, 0, 0),
        (2021000678, '084.9646A', 30, 20, 20, 40, 6, 0, 0),
        (2021000678, '084.5380B', 3, 3, 2, 5, 1, 0, 0),
        (2021000678, '084.7155C', 14, 7, 10, 19, 3, 0, 0),
        (2021000678, '084.9249T', 0, 0, 0, 0, 0, 0, 0),
        (2021000635, '084.4086A', 10, 15, 15, 29, 4, 0, 0),
        (2021000635, '084.8494B', 5, 7, 8, 15, 2, 0, 0),
        (2021000635, '109.8024', 0, 0, 6, 0, 2, 0, 0),
        (2021000708, '039.4490A', 0, 0, 0, 2, 0, 0, 0),
        (2021000708, '039.5100B', 0, 0, 0, 0, 0, 0, 0),
        (2021000708, '50.199', 1, 1, 0, 1, 0, 0, 0),
        (2021000708, '059.9800A', 12, 14, 26, 76, 9, 0, 0),
        (2021000708, '059.8820B', 8, 12, 10, 20, 4, 0, 0),
        (2021000708, '74.642', 14, 13, 15, 15, 2, 0, 0),
        (2021000708, '84.874', 6, 19, 8, 5, 2, 0, 0),
        (2021000707, '084.9942A', 40, 59, 56, 112, 17, 0, 0),
        (2021000707, '084.9366B', 10, 15, 14, 30, 4, 0, 0),
        (2021000707, '084.9882C', 1, 0, 2, 3, 1, 0, 0),
        (2021000707, '84.9882', 1, 0, 2, 3, 0, 0, 0),
        (2021000699, '046.6000A', 1, 2, 2, 4, 1, 0, 2),
        (2021000699, '052.3980B', 1, 2, 2, 4, 1, 0, 2),
        (2021000699, '53.28', 1, 1, 1, 2, 0, 0, 1),
        (2021000699, '058.0410C', 1, 2, 2, 3, 0, 0, 2),
        (2021000671, '059.9947A', 9, 13, 13, 26, 4, 0, 0),
        (2021000671, '059.9945B', 1, 2, 1, 3, 0, 0, 0),
        (2021000671, '084.9594A', 10, 15, 15, 30, 5, 0, 0),
        (2021000671, '084.9750B', 4, 7, 7, 13, 2, 0, 0),
        (2021000671, '084.9709C', 6, 9, 9, 18, 3, 0, 0),
        (2021000698, '75.9897', 5, 7, 7, 15, 2, 0, 0),
        (2021000698, '084.9152A', 3, 4, 4, 8, 1, 0, 0),
        (2021000698, '084.9538B', 5, 8, 8, 15, 2, 0, 0),
        (2021000698, '117.9464', 0, 0, 10, 0, 3, 0, 0),
        (2021000676, '048.8767A', 1, 0, 1, 2, 1, 0, 0),
        (2021000676, '051.3704B', 1, 0, 2, 5, 0, 0, 0),
        (2021000676, '066.1546C', 1, 0, 1, 2, 0, 0, 0),
        (2021000623, '077.9189A', 9, 13, 13, 27, 4, 0, 0),
        (2021000623, '077.8676B', 5, 6, 6, 13, 2, 0, 0),
        (2021000623, '077.9189C', 1, 2, 2, 3, 0, 0, 0),
        (2021000623, '108.3960A', 0, 0, 0, 0, 0, 0, 0),
        (2021000623, '108.7421B', 0, 0, 0, 0, 0, 0, 0),
        (2021000561, '82.1272', 0, 0, 0, 0, 0, 0, 0),
        (2021000561, '82.8628', 0, 0, 0, 0, 0, 0, 0),
        (2021000561, '082.8628B', 0, 0, 0, 0, 0, 0, 0),
        (2021000561, '082.1272C', 0, 0, 0, 0, 0, 0, 0),
        (2021000561, '83.4815', 0, 0, 0, 0, 0, 0, 0),
        (2021000561, '083.4815A', 0, 0, 0, 0, 0, 0, 0),
        (2021000681, '059.8867A', 42, 60, 60, 121, 18, 60, 0),
        (2021000681, '059.9673B', 5, 7, 7, 15, 2, 7, 0),
        (2021000681, '084.9507A', 30, 43, 43, 87, 13, 43, 0),
        (2021000681, '084.6445B', 28, 40, 40, 80, 12, 40, 0),
        (2021000579, '39.25', 5, 7, 7, 15, 2, 0, 0),
        (2021000579, '059.9400A', 1, 2, 2, 4, 0, 0, 0),
        (2021000579, '059.9800B', 0, 0, 0, 1, 0, 0, 0),
        (2021000579, '74.99', 9, 13, 13, 27, 4, 0, 0),
        (2021000579, '084.9800A', 23, 33, 33, 67, 10, 0, 0),
        (2021000579, '084.9800B', 5, 8, 8, 16, 2, 0, 0),
        (2021000579, '084.9600C', 3, 5, 5, 10, 1, 0, 0),
        (2021000579, '84.96', 2, 4, 4, 8, 1, 0, 0),
        (2021000572, '061.7782A', 2, 2, 4, 3, 1, 0, 0),
        (2021000572, '061.0392B', 2, 2, 4, 2, 1, 0, 0),
        (2021000572, '061.5456C', 1, 2, 3, 2, 0, 0, 0),
        (2021000572, '61.8928', 2, 2, 4, 3, 1, 0, 0),
        (2021000572, '061.0026E', 1, 2, 3, 2, 0, 0, 0),
        (2021000572, '61.6038', 2, 2, 4, 3, 1, 0, 0),
        (2021000693, '059.8326A', 69, 42, 28, 82, 14, 0, 0),
        (2021000693, '059.9093B', 12, 7, 5, 15, 3, 0, 0),
        (2021000693, '059.8819C', 6, 4, 3, 7, 1, 0, 0),
        (2021000672, '054.9400A', 0, 0, 0, 0, 0, 0, 0),
        (2021000672, '084.1400A', 0, 0, 0, 0, 0, 0, 0),
        (2021000672, '084.2700B', 0, 0, 0, 0, 0, 0, 0),
        (2021000672, '084.4800C', 0, 0, 0, 0, 0, 0, 0),
        (2021000672, '84.98', 0, 0, 0, 0, 0, 0, 0),
        (2021000672, '085.0000A', 0, 0, 0, 0, 0, 0, 0),
        (2021000672, '088.6900A', 0, 0, 0, 0, 0, 0, 0),
        (2021000672, '103.7800A', 0, 0, 0, 0, 0, 0, 0),
        (2021000672, '104.6100A', 0, 0, 0, 0, 0, 0, 0),
        (2021000627, '059.9570A', 8, 12, 12, 24, 3, 0, 0),
        (2021000627, '059.9669B', 2, 4, 4, 7, 1, 0, 0),
        (2021000626, '059.9570A', 7, 10, 10, 20, 3, 0, 0),
        (2021000626, '059.9669B', 1, 2, 1, 3, 1, 0, 0),
        (2021000626, '071.9950A', 8, 11, 11, 22, 3, 0, 0),
        (2021000626, '071.9635B', 2, 3, 3, 7, 1, 0, 0),
        (2021000626, '084.9495A', 3, 4, 5, 9, 1, 0, 0),
        (2021000656, '54.4924', 0, 0, 0, 2, 0, 0, 0),
        (2021000656, '66.8358', 11, 9, 9, 17, 2, 0, 0),
        (2021000656, '084.9498A', 0, 0, 0, 0, 0, 0, 0),
        (2021000656, '084.9498B', 0, 0, 0, 0, 0, 0, 0),
        (2021000687, '047.9816A', 0, 0, 0, 0, 0, 0, 0),
        (2021000687, '047.9558B', 0, 0, 0, 0, 0, 0, 0),
        (2021000687, '059.9698A', 0, 0, 0, 0, 0, 0, 0),
        (2021000687, '059.9712C', 0, 0, 0, 0, 0, 0, 0),
        (2021000687, '59.9824', 0, 0, 0, 0, 0, 0, 0),
        (2021000687, '074.9245A', 0, 0, 0, 0, 0, 0, 0),
        (2021000687, '074.9691B', 0, 0, 0, 0, 0, 0, 0),
        (2021000687, '084.8145B', 0, 0, 0, 0, 0, 0, 0),
        (2021000680, '059.9307A', 8, 12, 12, 24, 3, 0, 0),
        (2021000680, '076.6182A', 2, 3, 3, 6, 0, 0, 0),
        (2021000680, '084.9598A', 24, 35, 35, 70, 10, 0, 0),
        (2021000680, '084.9598B', 14, 20, 20, 40, 6, 0, 0),
        (2021000680, '084.9260C', 15, 21, 21, 43, 6, 0, 0),
        (2021000680, '84.9598', 1, 1, 1, 2, 0, 0, 0),
        (2021000680, '084.9598E', 0, 0, 0, 0, 0, 0, 0),
        (2021000655, '084.3250A', 6, 9, 9, 17, 3, 0, 0),
        (2021000655, '084.6160B', 3, 4, 4, 9, 1, 0, 0),
        (2021000655, '084.8040C', 6, 9, 9, 17, 3, 0, 0),
        (2021000655, '84.707', 3, 4, 4, 9, 1, 0, 0),
        (2021000655, '109.4590C', 0, 0, 0, 0, 0, 0, 0),
        (2021000655, '116.1390A', 0, 0, 0, 0, 0, 0, 0),
        (2021000655, '117.1550B', 0, 0, 0, 0, 0, 0, 0),
        (2021000655, '117.246', 0, 0, 0, 0, 0, 0, 0),
        (2021000654, '084.3250A', 6, 9, 9, 17, 3, 0, 0),
        (2021000654, '084.6160B', 3, 4, 4, 9, 1, 0, 0),
        (2021000654, '084.8040C', 6, 9, 9, 17, 3, 0, 0),
        (2021000654, '84.707', 3, 4, 4, 9, 1, 0, 0),
        (2021000654, '109.4590C', 0, 0, 0, 0, 0, 0, 0),
        (2021000654, '116.1390A', 0, 0, 0, 0, 0, 0, 0),
        (2021000654, '117.1550B', 0, 0, 0, 0, 0, 0, 0),
        (2021000654, '117.246', 0, 0, 0, 0, 0, 0, 0),
        (2021000634, '075.9670A', 17, 21, 25, 50, 7, 0, 0),
        (2021000634, '075.9287B', 17, 21, 24, 49, 7, 0, 0),
        (2021000634, '084.9419A', 15, 25, 22, 45, 7, 0, 0),
        (2021000634, '084.8858B', 15, 26, 22, 44, 7, 0, 0),
        (2021000616, '059.9841A', 14, 21, 21, 42, 6, 0, 0),
        (2021000616, '059.9849B', 7, 10, 10, 20, 3, 0, 0),
        (2021000616, '74.9803', 9, 14, 14, 28, 4, 0, 0),
        (2021000616, '084.9838A', 26, 37, 37, 75, 11, 0, 0),
        (2021000616, '084.9838B', 26, 38, 38, 76, 11, 0, 0),
        (2021000616, '084.9896C', 20, 29, 29, 58, 8, 0, 0),
        (2021000564, '059.9994A', 1, 1, 1, 3, 0, 0, 0),
        (2021000564, '059.9635B', 2, 4, 4, 7, 1, 0, 0),
        (2021000564, '084.8411A', 12, 16, 14, 33, 3, 0, 0),
        (2021000564, '084.9997B', 0, 1, 1, 1, 0, 0, 0),
        (2021000564, '116.9729', 0, 0, 2, 0, 1, 0, 0),
        (2021000564, '146.5346', 0, 0, 1, 0, 1, 0, 0),
        (2021000564, '196.9913', 0, 0, 1, 0, 1, 0, 0),
        (2021000516, '084.0964A', 8, 5, 5, 11, 1, 0, 0),
        (2021000516, '084.0964B', 4, 2, 2, 5, 0, 0, 0),
        (2021000516, '084.8514C', 1, 1, 1, 2, 0, 0, 0),
        (2021000516, '84.0835', 16, 10, 10, 21, 3, 0, 0),
        (2021000516, '084.2087E', 2, 1, 1, 3, 0, 0, 0),
        (2021000516, '84.2087', 1, 1, 1, 2, 0, 0, 0),
        (2021000516, '084.1277G', 3, 2, 2, 4, 0, 0, 0),
        (2021000516, '084.0593H', 0, 0, 0, 0, 0, 0, 0),
        (2021000516, '084.0505I', 5, 3, 3, 7, 1, 0, 0),
        (2021000516, '084.3580J', 0, 0, 0, 0, 0, 0, 0),
        (2021000516, '084.2924K', 4, 3, 3, 6, 0, 0, 0),
        (2021000516, '084.2718L', 4, 3, 3, 6, 0, 0, 0),
        (2021000516, '084.4162M', 1, 1, 1, 2, 0, 0, 0),
        (2021000516, '084.2515N', 2, 1, 1, 3, 0, 0, 0),
        (2021000516, '084.0536O', 1, 1, 1, 2, 0, 0, 0),
        (2021000516, '084.2410P', 0, 0, 0, 0, 0, 0, 0),
        (2021000516, '084.2410Q', 0, 0, 0, 0, 0, 0, 0),
        (2021000516, '084.5069R', 1, 0, 0, 1, 0, 0, 0),
        (2021000516, '084.0754S', 1, 0, 0, 1, 0, 0, 0),
        (2021000516, '084.0941T', 0, 0, 0, 1, 0, 0, 0),
        (2021000617, '74.95', 7, 10, 10, 21, 3, 0, 0),
        (2021000617, '84.87', 17, 25, 25, 51, 7, 0, 0),
        (2021000617, '101.13', 0, 0, 6, 0, 1, 0, 0),
        (2021000675, '059.9448A', 13, 19, 18, 36, 5, 0, 0),
        (2021000675, '059.9525B', 3, 4, 4, 8, 1, 0, 0),
        (2021000675, '059.9448C', 0, 0, 1, 1, 0, 0, 0),
        (2021000675, '065.0978A', 2, 4, 2, 7, 1, 0, 0),
        (2021000675, '065.0978B', 1, 0, 1, 3, 0, 0, 0),
        (2021000675, '084.9897A', 8, 12, 12, 23, 4, 0, 0),
        (2021000675, '084.9099B', 3, 4, 5, 9, 1, 0, 0),
        (2021000675, '084.9897C', 2, 3, 2, 4, 2, 0, 0),
        (2021000664, '74.7945', 5, 7, 7, 14, 2, 0, 0),
        (2021000664, '84.9053', 9, 13, 13, 26, 4, 0, 0),
        (2021000664, '84.9863', 3, 4, 4, 8, 1, 0, 0),
        (2021000653, '049.5923A', 3, 4, 4, 8, 1, 0, 0),
        (2021000653, '049.5923B', 3, 4, 4, 7, 1, 0, 0),
        (2021000653, '059.9793A', 14, 20, 20, 40, 6, 0, 0),
        (2021000653, '059.7632B', 9, 13, 13, 27, 4, 0, 0),
        (2021000653, '059.9793C', 11, 16, 16, 32, 5, 0, 0),
        (2021000653, '59.7632', 7, 11, 11, 23, 3, 0, 0),
        (2021000620, '074.7500A', 58, 35, 23, 69, 11, 0, 0),
        (2021000620, '074.8400B', 10, 6, 4, 12, 2, 0, 0),
        (2021000620, '074.9800C', 3, 1, 1, 4, 0, 0, 0),
        (2021000620, '084.9700A', 76, 45, 30, 91, 15, 0, 0),
        (2021000620, '084.8900B', 14, 7, 5, 17, 2, 0, 0),
        (2021000620, '084.7600C', 32, 21, 12, 38, 6, 0, 0),
        (2021000620, '84.94', 22, 12, 8, 26, 4, 0, 0),
        (2021000463, '084.9389A', 20, 28, 28, 56, 9, 0, 0),
        (2021000463, '084.3549B', 3, 5, 5, 10, 1, 0, 0),
        (2021000463, '084.9198C', 3, 5, 5, 10, 1, 0, 0),
        (2021000463, '84.9389', 13, 17, 17, 34, 6, 0, 0),
        (2021000463, '084.9962E', 3, 5, 5, 10, 1, 0, 0),
        (2021000463, '084.9928G', 3, 5, 5, 10, 1, 0, 0),
        (2021000463, '084.8120H', 3, 5, 5, 10, 1, 0, 0),
        (2021000463, '084.9976I', 9, 12, 12, 24, 4, 0, 0),
        (2021000657, '060.9700A', 5, 3, 3, 7, 1, 0, 0),
        (2021000657, '060.9000B', 3, 2, 2, 4, 0, 0, 0),
        (2021000657, '69.92', 8, 5, 5, 10, 2, 0, 0),
        (2021000657, '84.56', 0, 0, 0, 0, 0, 0, 0),
        (2021000625, '084.9662A', 15, 21, 21, 43, 6, 0, 0),
        (2021000625, '084.9718B', 10, 14, 14, 29, 4, 0, 0),
        (2021000625, '084.7824C', 12, 17, 17, 35, 5, 0, 0),
        (2021000625, '99.3107', 0, 0, 6, 0, 2, 0, 0),
        (2021000625, '109.7953', 0, 0, 2, 0, 1, 0, 0),
        (2021000602, '75.596', 4, 6, 6, 11, 2, 0, 0),
        (2021000602, '084.8009A', 9, 12, 13, 26, 4, 0, 0),
        (2021000602, '084.9199B', 2, 3, 3, 6, 1, 0, 0),
        (2021000602, '084.9403C', 4, 6, 5, 10, 2, 0, 0),
        (2021000602, '117.1883', 0, 0, 0, 0, 0, 0, 0),
        (2021000602, '122.4271A', 0, 0, 0, 0, 0, 0, 0),
        (2021000602, '122.4896B', 0, 0, 0, 0, 0, 0, 0),
        (2021000633, '059.9336A', 25, 35, 35, 71, 11, 0, 0),
        (2021000633, '059.7983B', 9, 13, 13, 27, 4, 0, 0),
        (2021000633, '074.6698A', 3, 4, 4, 8, 1, 0, 0),
        (2021000629, '35.4192', 0, 0, 0, 0, 0, 0, 0),
        (2021000629, '059.9370A', 0, 0, 0, 0, 0, 0, 0),
        (2021000629, '059.9567B', 0, 0, 0, 0, 0, 0, 0),
        (2021000629, '059.9519C', 0, 0, 0, 0, 0, 0, 0),
        (2021000610, '084.6218A', 8, 11, 11, 23, 3, 0, 0),
        (2021000610, '084.6218B', 14, 20, 20, 40, 6, 0, 0),
        (2021000610, '084.8796C', 11, 15, 15, 31, 4, 0, 0),
        (2021000610, '128.9523', 0, 0, 0, 0, 0, 0, 0),
        (2021000604, '084.6679A', 4, 6, 6, 12, 2, 0, 0),
        (2021000604, '084.7934B', 3, 4, 4, 9, 1, 0, 0),
        (2021000604, '084.7217C', 4, 6, 6, 12, 2, 0, 0),
        (2021000601, '050.4330A', 0, 0, 0, 0, 0, 0, 0),
        (2021000601, '050.4380B', 0, 0, 0, 0, 0, 0, 0),
        (2021000601, '051.4210A', 3, 4, 4, 8, 1, 0, 0),
        (2021000601, '051.4210B', 0, 0, 0, 0, 0, 0, 0),
        (2021000601, '052.2180A', 1, 1, 1, 2, 0, 0, 0),
        (2021000601, '052.2180B', 1, 1, 1, 2, 0, 0, 0),
        (2021000601, '054.8030A', 0, 0, 0, 0, 0, 0, 0),
        (2021000601, '054.8030B', 0, 0, 0, 0, 0, 0, 0),
        (2021000600, '065.5700A', 8, 12, 12, 24, 4, 0, 0),
        (2021000600, '065.2600B', 2, 2, 2, 5, 1, 0, 0),
        (2021000600, '065.0200C', 7, 10, 10, 20, 3, 0, 0),
        (2021000600, '65.15', 3, 5, 5, 10, 1, 0, 0),
        (2021000600, '075.9700A', 5, 6, 6, 13, 2, 0, 0),
        (2021000600, '075.8100B', 3, 5, 5, 10, 1, 0, 0),
        (2021000589, '59.146', 3, 5, 5, 11, 1, 0, 0),
        (2021000605, '59.9919', 0, 0, 0, 0, 0, 0, 0),
        (2021000605, '059.9919C', 3, 4, 0, 9, 0, 0, 0),
        (2021000605, '069.2114B', 1, 2, 0, 4, 0, 0, 0),
        (2021000605, '077.6290A', 1, 2, 0, 4, 0, 0, 0),
        (2021000591, '064.9300A', 0, 0, 0, 0, 0, 0, 0),
        (2021000591, '064.9900B', 0, 0, 0, 0, 0, 0, 0),
        (2021000591, '064.9300C', 0, 0, 0, 0, 0, 0, 0),
        (2021000591, '64.99', 0, 0, 0, 0, 0, 0, 0),
        (2021000591, '070.0500A', 0, 0, 0, 0, 0, 0, 0),
        (2021000591, '070.0500B', 0, 0, 0, 0, 0, 0, 0),
        (2021000596, '084.9908A', 32, 47, 47, 94, 14, 0, 0),
        (2021000596, '084.9396B', 29, 42, 42, 84, 12, 0, 0),
        (2021000596, '084.9344T', 0, 1, 1, 2, 0, 0, 0),
        (2021000582, '66.8113', 1, 2, 2, 4, 0, 0, 0),
        (2021000582, '68.9883', 6, 9, 5, 19, 2, 0, 0),
        (2021000582, '84.997', 2, 4, 8, 8, 1, 0, 0),
        (2021000580, '084.8849A', 23, 33, 33, 67, 10, 0, 0),
        (2021000580, '084.6846C', 2, 3, 3, 6, 0, 0, 0),
        (2021000580, '84.9461', 4, 6, 6, 12, 1, 0, 0),
        (2021000580, '114.8544A', 0, 0, 5, 0, 1, 0, 0),
        (2021000580, '114.7426B', 0, 0, 6, 0, 1, 0, 0),
        (2021000580, '114.9968P', 0, 0, 0, 0, 0, 0, 0),
        (2021000580, '117.6292A', 0, 0, 17, 0, 5, 0, 0),
        (2021000580, '139.8321P', 0, 0, 0, 0, 0, 0, 0),
        (2021000580, '139.2157P', 0, 0, 0, 0, 0, 0, 0),
        (2021000580, '139.9603P', 0, 0, 0, 0, 0, 0, 0),
        (2021000580, '139.8177P', 0, 0, 0, 0, 0, 0, 0),
        (2021000580, '145.8463P', 0, 0, 0, 0, 0, 0, 0),
        (2021000580, '145.3377P', 0, 0, 0, 0, 0, 0, 0),
        (2021000603, '060.7281A', 1, 1, 1, 2, 0, 0, 0),
        (2021000603, '060.5685B', 1, 1, 1, 2, 0, 0, 0),
        (2021000603, '084.9749A', 15, 20, 20, 43, 6, 0, 0),
        (2021000603, '084.9217B', 4, 5, 5, 11, 2, 0, 0),
        (2021000578, '59.9568', 4, 5, 5, 10, 2, 0, 0),
        (2021000578, '059.6481A', 42, 61, 61, 121, 18, 0, 0),
        (2021000578, '059.6538B', 2, 3, 3, 6, 1, 0, 0),
        (2021000578, '059.9982C', 22, 31, 31, 63, 9, 0, 0),
        (2021000578, '59.9982', 5, 7, 7, 14, 2, 0, 0),
        (2021000578, '072.0452A', 17, 25, 25, 50, 7, 0, 0),
        (2021000578, '072.0506B', 9, 13, 13, 26, 4, 0, 0),
        (2021000578, '072.6719C', 7, 10, 10, 20, 3, 0, 0),
        (2021000578, '72.6572', 7, 10, 10, 20, 3, 0, 0),
        (2021000578, '072.7590E', 4, 6, 6, 12, 2, 0, 0),
        (2021000578, '84.5115', 5, 7, 7, 14, 2, 0, 0),
        (2021000578, '084.7822A', 5, 7, 7, 14, 2, 0, 0),
        (2021000578, '084.3879B', 7, 10, 10, 20, 3, 0, 0),
        (2021000578, '084.7822C', 5, 7, 7, 14, 2, 0, 0),
        (2021000578, '84.4409', 15, 21, 21, 42, 6, 0, 0),
        (2021000578, '084.4409E', 7, 10, 10, 20, 3, 0, 0),
        (2021000578, '105.3774', 0, 0, 0, 0, 0, 0, 0),
        (2021000559, '84.99', 2, 0, 0, 2, 0, 0, 0),
        (2021000559, '84.81', 0, 0, 0, 1, 0, 0, 0),
        (2021000559, '084.9900A', 57, 34, 23, 68, 11, 0, 1),
        (2021000559, '084.8100B', 20, 10, 8, 24, 4, 0, 1),
        (2021000536, '66.2324', 1, 2, 3, 2, 0, 0, 0),
        (2021000536, '68.0982', 1, 1, 3, 3, 0, 0, 0),
        (2021000536, '069.0984A', 1, 1, 2, 2, 1, 0, 0),
        (2021000536, '069.0237B', 2, 3, 3, 4, 1, 0, 0),
        (2021000587, '059.9821A', 12, 18, 18, 36, 5, 0, 0),
        (2021000587, '059.9931B', 4, 5, 5, 10, 2, 0, 0),
        (2021000569, '084.9938A', 0, 0, 0, 0, 0, 0, 0),
        (2021000569, '084.9773B', 0, 1, 1, 2, 0, 0, 0),
        (2021000569, '084.9773C', 0, 1, 1, 1, 0, 0, 0),
        (2021000569, '84.4405', 0, 1, 1, 1, 0, 0, 0),
        (2021000569, '084.9972E', 0, 0, 0, 1, 0, 0, 0),
        (2021000569, '84.8672', 2, 2, 2, 4, 1, 0, 0),
        (2021000569, '084.8452G', 2, 2, 2, 4, 1, 0, 0),
        (2021000569, '084.3084H', 2, 2, 2, 4, 1, 0, 0),
        (2021000569, '084.9889I', 0, 0, 0, 1, 0, 0, 0),
        (2021000569, '084.8589J', 1, 1, 1, 2, 0, 0, 0),
        (2021000569, '084.3001K', 1, 1, 1, 2, 0, 0, 0),
        (2021000569, '084.3001L', 0, 1, 1, 2, 0, 0, 0),
        (2021000343, '68.9262', 9, 12, 12, 14, 0, 0, 0),
        (2021000343, '84.9673', 24, 35, 35, 75, 12, 0, 0),
        (2021000343, '84.9022', 24, 35, 35, 75, 12, 0, 0),
        (2021000554, '059.7300A', 5, 7, 7, 15, 2, 0, 0),
        (2021000554, '059.9700B', 5, 7, 7, 15, 2, 0, 0),
        (2021000554, '059.9700C', 2, 3, 3, 6, 1, 0, 0),
        (2021000554, '59.89', 2, 3, 3, 6, 1, 0, 0),
        (2021000554, '059.9700E', 2, 3, 2, 5, 1, 0, 0),
        (2021000554, '67.48', 3, 4, 4, 7, 1, 0, 0),
        (2021000584, '59.8008', 5, 7, 7, 15, 2, 0, 0),
        (2021000584, '84.465', 22, 32, 32, 65, 9, 0, 0),
        (2021000583, '65.9649', 24, 35, 35, 71, 10, 0, 0),
        (2021000583, '84.465', 46, 66, 66, 132, 19, 0, 0),
        (2021000583, '105.6849', 0, 0, 5, 0, 1, 0, 0),
        (2021000563, '84.9805', 6, 9, 9, 18, 1, 0, 0),
        (2021000563, '89.0525', 0, 0, 4, 0, 2, 0, 0),
        (2021000563, '101.0192', 0, 0, 3, 0, 2, 0, 0),
        (2021000556, '084.6825A', 10, 14, 14, 27, 4, 0, 0),
        (2021000556, '084.7634B', 4, 5, 5, 10, 2, 0, 0),
        (2021000517, '54.8736', 36, 24, 24, 49, 7, 24, 0),
        (2021000517, '065.7289A', 24, 16, 16, 31, 5, 16, 0),
        (2021000517, '065.4777B', 19, 13, 13, 25, 4, 13, 0),
        (2021000517, '065.3007C', 6, 4, 4, 9, 1, 4, 0),
        (2021000517, '65.3007', 3, 2, 2, 5, 1, 2, 0),
        (2021000517, '75.7226', 23, 15, 15, 30, 4, 15, 0),
        (2021000517, '084.9286A', 27, 18, 18, 35, 5, 18, 0),
        (2021000517, '084.7415B', 11, 7, 7, 15, 2, 7, 0),
        (2021000581, '084.9978A', 3, 4, 4, 8, 1, 0, 0),
        (2021000581, '084.9661B', 2, 3, 3, 6, 1, 0, 0),
        (2021000581, '084.9759C', 2, 3, 3, 6, 1, 0, 0),
        (2021000581, '84.9812', 3, 4, 4, 9, 1, 0, 0),
        (2021000581, '119.9945A', 0, 0, 14, 0, 4, 0, 0),
        (2021000581, '119.8410B', 0, 0, 7, 0, 2, 0, 0);

INSERT INTO inp_user (USER_ID, EMAIL, PASSWORD, ACTIVATED)
VALUES (1, 'admin@gmail.com', '$2a$08$lDnHPz7eUkSi6ao14Twuau08mzhWrL4kyZGGU5xfiGALO/Vxd5DOi', 1);
INSERT INTO inp_user (USER_ID, EMAIL, PASSWORD, ACTIVATED)
VALUES (2, 'user@gmail.com', '$2a$08$lDnHPz7eUkSi6ao14Twuau08mzhWrL4kyZGGU5xfiGALO/Vxd5DOi', 1);

INSERT INTO authority (AUTHORITY_NAME)
values ('ROLE_USER');
INSERT INTO authority (AUTHORITY_NAME)
values ('ROLE_ADMIN');

INSERT INTO user_authority (USER_ID, AUTHORITY_NAME)
values (1, 'ROLE_USER');
INSERT INTO user_authority (USER_ID, AUTHORITY_NAME)
values (1, 'ROLE_ADMIN');
INSERT INTO user_authority (USER_ID, AUTHORITY_NAME)
values (2, 'ROLE_USER');

INSERT INTO std_relation (relation_id, relation, only_one_yn, parent_yn, child_yn)
VALUES (1, '본인', 'y', 'n', 'n'),
       (2, '배우자', 'y', 'n', 'n'),
       (3, '부', 'y', 'y', 'n'),
       (4, '모', 'y', 'y', 'n'),
       (5, '배우자의부', 'y', 'y', 'n'),
       (6, '배우자의모', 'y', 'y', 'n'),
       (7, '조부', 'y', 'y', 'n'),
       (8, '조모', 'y', 'y', 'n'),
       (9, '배우자의조부', 'y', 'y', 'n'),
       (10, '배우자의조모', 'y', 'y', 'n'),
       (11, '자녀_일반', 'n', 'n', 'y'),
       (12, '자녀_태아', 'n', 'n', 'y'),
       (13, '자녀의배우자', 'n', 'n', 'y'),
       (14, '손자녀', 'n', 'n', 'y'),
       (15, '손자녀의배우자', 'n', 'n', 'y');


INSERT INTO std_address_level1 (address_level1_id, address_level1, nearby_area, deposit_area, metropolitan_area_yn)
VALUES (1, '서울', 1, '서울부산', 'y'),
       (2, '인천', 1, '기타광역시', 'y'),
       (3, '경기', 1, '기타시군', 'y'),
       (4, '대전', 2, '기타광역시', 'n'),
       (5, '세종', 2, '기타시군', 'n'),
       (6, '충남', 2, '기타시군', 'n'),
       (7, '충북', 3, '기타시군', 'n'),
       (8, '광주', 4, '기타광역시', 'n'),
       (9, '전남', 4, '기타시군', 'n'),
       (10, '전북', 5, '기타시군', 'n'),
       (11, '대구', 6, '기타광역시', 'n'),
       (12, '경북', 6, '기타시군', 'n'),
       (13, '부산', 7, '서울부산', 'n'),
       (14, '울산', 7, '기타광역시', 'n'),
       (15, '경남', 7, '기타시군', 'n'),
       (16, '강원', 8, '기타시군', 'n'),
       (17, '제주', 9, '기타시군', 'n');

INSERT INTO `std_address_level2` (address_level2_id, address_level1_id, address_level2)
VALUES (1, 1, '종로구'),
       (2, 1, '중구'),
       (3, 1, '용산구'),
       (4, 1, '성동구'),
       (5, 1, '광진구'),
       (6, 1, '동대문구'),
       (7, 1, '중랑구'),
       (8, 1, '성북구'),
       (9, 1, '강북구'),
       (10, 1, '도봉구'),
       (11, 1, '노원구'),
       (12, 1, '은평구'),
       (13, 1, '서대문구'),
       (14, 1, '마포구'),
       (15, 1, '양천구'),
       (16, 1, '강서구'),
       (17, 1, '구로구'),
       (18, 1, '금천구'),
       (19, 1, '영등포구'),
       (20, 1, '동작구'),
       (21, 1, '관악구'),
       (22, 1, '서초구'),
       (23, 1, '강남구'),
       (24, 1, '송파구'),
       (25, 1, '강동구'),
       (26, 2, '중구'),
       (27, 2, '동구'),
       (28, 2, '남구'),
       (29, 2, '미추홀구'),
       (30, 2, '연수구'),
       (31, 2, '남동구'),
       (32, 2, '부평구'),
       (33, 2, '계양구'),
       (34, 2, '서구'),
       (35, 2, '강화군'),
       (36, 2, '옹진군'),
       (37, 3, '수원시'),
       (38, 3, '성남시'),
       (39, 3, '고양시'),
       (40, 3, '용인시'),
       (41, 3, '부천시'),
       (42, 3, '안산시'),
       (43, 3, '안양시'),
       (44, 3, '남양주시'),
       (45, 3, '화성시'),
       (46, 3, '평택시'),
       (47, 3, '의정부시'),
       (48, 3, '시흥시'),
       (49, 3, '파주시'),
       (50, 3, '광명시'),
       (51, 3, '김포시'),
       (52, 3, '군포시'),
       (53, 3, '광주시'),
       (54, 3, '이천시'),
       (55, 3, '양주시'),
       (56, 3, '오산시'),
       (57, 3, '구리시'),
       (58, 3, '안성시'),
       (59, 3, '포천시'),
       (60, 3, '의왕시'),
       (61, 3, '하남시'),
       (62, 3, '여주시'),
       (63, 3, '여주군'),
       (64, 3, '양평군'),
       (65, 3, '동두천시'),
       (66, 3, '과천시'),
       (67, 3, '가평군'),
       (68, 3, '연천군'),
       (69, 4, '동구'),
       (70, 4, '중구'),
       (71, 4, '서구'),
       (72, 4, '유성구'),
       (73, 4, '대덕구'),
       (74, 5, '세종특별자치시'),
       (75, 6, '천안시'),
       (76, 6, '공주시'),
       (77, 6, '보령시'),
       (78, 6, '아산시'),
       (79, 6, '서산시'),
       (80, 6, '논산시'),
       (81, 6, '계룡시'),
       (82, 6, '당진시'),
       (83, 6, '당진군'),
       (84, 6, '금산군'),
       (85, 6, '연기군'),
       (86, 6, '부여군'),
       (87, 6, '서천군'),
       (88, 6, '청양군'),
       (89, 6, '홍성군'),
       (90, 6, '예산군'),
       (91, 6, '태안군'),
       (92, 7, '청주시'),
       (93, 7, '충주시'),
       (94, 7, '제천시'),
       (95, 7, '청원군'),
       (96, 7, '보은군'),
       (97, 7, '옥천군'),
       (98, 7, '영동군'),
       (99, 7, '진천군'),
       (100, 7, '괴산군'),
       (101, 7, '음성군'),
       (102, 7, '단양군'),
       (103, 7, '증평군'),
       (104, 8, '동구'),
       (105, 8, '서구'),
       (106, 8, '남구'),
       (107, 8, '북구'),
       (108, 8, '광산구'),
       (109, 9, '목포시'),
       (110, 9, '여수시'),
       (111, 9, '순천시'),
       (112, 9, '나주시'),
       (113, 9, '광양시'),
       (114, 9, '담양군'),
       (115, 9, '곡성군'),
       (116, 9, '구례군'),
       (117, 9, '고흥군'),
       (118, 9, '보성군'),
       (119, 9, '화순군'),
       (120, 9, '장흥군'),
       (121, 9, '강진군'),
       (122, 9, '해남군'),
       (123, 9, '영암군'),
       (124, 9, '무안군'),
       (125, 9, '함평군'),
       (126, 9, '영광군'),
       (127, 9, '장성군'),
       (128, 9, '완도군'),
       (129, 9, '진도군'),
       (130, 9, '신안군'),
       (131, 10, '전주시'),
       (132, 10, '군산시'),
       (133, 10, '익산시'),
       (134, 10, '정읍시'),
       (135, 10, '남원시'),
       (136, 10, '김제시'),
       (137, 10, '완주군'),
       (138, 10, '진안군'),
       (139, 10, '무주군'),
       (140, 10, '장수군'),
       (141, 10, '임실군'),
       (142, 10, '순창군'),
       (143, 10, '고창군'),
       (144, 10, '부안군'),
       (145, 11, '중구'),
       (146, 11, '동구'),
       (147, 11, '서구'),
       (148, 11, '남구'),
       (149, 11, '북구'),
       (150, 11, '수성구'),
       (151, 11, '달서구'),
       (152, 11, '달성군'),
       (153, 12, '포항시'),
       (154, 12, '경주시'),
       (155, 12, '김천시'),
       (156, 12, '안동시'),
       (157, 12, '구미시'),
       (158, 12, '영주시'),
       (159, 12, '영천시'),
       (160, 12, '상주시'),
       (161, 12, '문경시'),
       (162, 12, '경산시'),
       (163, 12, '군위군'),
       (164, 12, '의성군'),
       (165, 12, '청송군'),
       (166, 12, '영양군'),
       (167, 12, '영덕군'),
       (168, 12, '청도군'),
       (169, 12, '고령군'),
       (170, 12, '성주군'),
       (171, 12, '칠곡군'),
       (172, 12, '예천군'),
       (173, 12, '봉화군'),
       (174, 12, '울진군'),
       (175, 12, '울릉군'),
       (176, 13, '중구'),
       (177, 13, '서구'),
       (178, 13, '동구'),
       (179, 13, '영도구'),
       (180, 13, '부산진구'),
       (181, 13, '동래구'),
       (182, 13, '남구'),
       (183, 13, '북구'),
       (184, 13, '해운대구'),
       (185, 13, '사하구'),
       (186, 13, '금정구'),
       (187, 13, '강서구'),
       (188, 13, '연제구'),
       (189, 13, '수영구'),
       (190, 13, '사상구'),
       (191, 13, '기장군'),
       (192, 14, '중구'),
       (193, 14, '남구'),
       (194, 14, '동구'),
       (195, 14, '북구'),
       (196, 14, '울주군'),
       (197, 15, '창원시'),
       (198, 15, '마산시'),
       (199, 15, '진주시'),
       (200, 15, '진해시'),
       (201, 15, '통영시'),
       (202, 15, '사천시'),
       (203, 15, '김해시'),
       (204, 15, '밀양시'),
       (205, 15, '거제시'),
       (206, 15, '양산시'),
       (207, 15, '의령군'),
       (208, 15, '함안군'),
       (209, 15, '창녕군'),
       (210, 15, '고성군'),
       (211, 15, '남해군'),
       (212, 15, '하동군'),
       (213, 15, '산청군'),
       (214, 15, '함양군'),
       (215, 15, '거창군'),
       (216, 15, '합천군'),
       (217, 16, '춘천시'),
       (218, 16, '원주시'),
       (219, 16, '강릉시'),
       (220, 16, '동해시'),
       (221, 16, '태백시'),
       (222, 16, '속초시'),
       (223, 16, '삼척시'),
       (224, 16, '홍천군'),
       (225, 16, '횡성군'),
       (226, 16, '영월군'),
       (227, 16, '평창군'),
       (228, 16, '정선군'),
       (229, 16, '철원군'),
       (230, 16, '화천군'),
       (231, 16, '양구군'),
       (232, 16, '인제군'),
       (233, 16, '고성군'),
       (234, 16, '양양군'),
       (235, 17, '제주시'),
       (236, 17, '서귀포시');


INSERT INTO std_monthly_average_income (monthly_average_income_id, application_public_housing_special_laws,
                                        special_supply, supply, dual_income, monthly_average_income_excess,
                                        monthly_average_income_below,
                                        average_monthly_income3people_less_excess,
                                        average_monthly_income3people_less_below,
                                        average_monthly_income4people_less_excess,
                                        average_monthly_income4people_less_below,
                                        average_monthly_income5people_less_excess,
                                        average_monthly_income5people_less_below,
                                        average_monthly_income6people_less_excess,
                                        average_monthly_income6people_less_below,
                                        average_monthly_income7people_less_excess,
                                        average_monthly_income7people_less_below,
                                        average_monthly_income8people_less_excess,
                                        average_monthly_income8people_less_below)
VALUES (1, 'y', '다자녀가구', null, null, 0, 120, 0, 7236192, 0, 8513046, 0, 8513046, 0, 8872376, 0, 93336280, 0, 9794879),
       (2, 'y', '노부모부양', null, null, 0, 120, 0, 7236192, 0, 8513046, 0, 8513046, 0, 8872376, 0, 93336280, 0, 9794879),
       (3, 'n', '신혼부부', '우선공급', 'n', 0, 100, 0, 6030160, 0, 7094205, 0, 7094205, 0, 7393647, 0, 7778023, 0, 8162399),
       (4, 'n', '신혼부부', '우선공급', 'y', 100, 120, 6030161, 7236192, 7094206, 8513046, 7094206, 8513046, 7393648, 8872376,
        7778024, 9333628, 8162400, 9794879),
       (5, 'n', '신혼부부', '일반공급', 'n', 100, 140, 6030161, 8442224, 7094206, 9931887, 7094206, 9931887, 7393648, 10351106,
        7778024, 10889232, 8162400, 11427359),
       (6, 'n', '신혼부부', '일반공급', 'y', 120, 160, 7236193, 9648256, 8513047, 11350728, 8513047, 11350728, 8872377,
        11829835, 9333629, 12444837, 9794880, 13059838),
       (7, 'y', '신혼부부', '우선공급', 'n', 0, 100, 0, 6030160, 0, 7094205, 0, 7094205, 0, 7393647, 0, 7778023, 0, 8162399),
       (8, 'y', '신혼부부', '우선공급', 'y', 100, 120, 6030161, 7236192, 7094206, 8513046, 7094206, 8513046, 7393648, 8872376,
        7778024, 9333628, 8162400, 9794879),
       (9, 'y', '신혼부부', '일반공급', 'n', 100, 130, 6030161, 7839208, 7094206, 9222467, 7094206, 9222467, 7393648,
        9611741, 7778024, 10111430, 8162400, 10611119),
       (10, 'y', '신혼부부', '일반공급', 'y', 120, 140, 7236193, 8442224, 8513047, 9931887, 8513047, 9931887, 8872377,
        10351106, 9333629, 10889232, 9797880, 11427359);

INSERT INTO std_monthly_average_income (monthly_average_income_id,housing_type,application_public_housing_special_laws,
                                        special_supply, supply, dual_income, monthly_average_income_excess,
                                        monthly_average_income_below,
                                        average_monthly_income3people_less_excess,
                                        average_monthly_income3people_less_below,
                                        average_monthly_income4people_less_excess,
                                        average_monthly_income4people_less_below,
                                        average_monthly_income5people_less_excess,
                                        average_monthly_income5people_less_below,
                                        average_monthly_income6people_less_excess,
                                        average_monthly_income6people_less_below,
                                        average_monthly_income7people_less_excess,
                                        average_monthly_income7people_less_below,
                                        average_monthly_income8people_less_excess,
                                        average_monthly_income8people_less_below)
VALUES (11,'민영', NULL, '생애최초', '우선공급', null, 0, 130, 0, 7839208, 0, 9222467, 0, 9222467, 0, 9611741, 0,
        10111430, 0, 10611119),
       (12,'민영', NULL, '생애최초', '일반공급', null, 130, 160, 7839209, 9648256, 9222468, 11350728, 9222468, 11350728, 9611742,
        11829835, 10111431, 12444837, 10611120, 13059838),
       (13,'국민', NULL, '생애최초', '우선공급', null, 0, 100, 0, 6030160, 0, 7094205, 0, 7094205, 0,
        7393647, 0, 7778023, 0, 8162399),
       (14,'국민', NULL, '생애최초', '일반공급', null, 100, 130, 6030161, 7839208, 7094206, 9222467, 7094206, 9222467, 7393648,
        9611741, 7778024, 10111430, 8162400, 10611119),
       (15,'민영', NULL, '신혼부부', '특별공급가점', 'n', 0, 80, 0, 4824128, 0, 5675364, 0, 5675364, 0, 6016838, 0, 6358313, 0, 6699787),
       (16,'민영', NULL, '신혼부부', '특별공급가점', 'y', 80, 100, 4824128, 6030160, 5675364, 7094205, 5675364, 7094205, 6016838, 7393647, 6358313, 7778023, 6699787, 8162399);



INSERT INTO std_priority_numeber_payments (PRIORITY_NUMEBER_PAYMENTS_ID, SUPPLY, SPECIAL_SUPPLY, SPECULATION_OVERHEATED,
                                           SUBSCRIPTION_OVERHEATED, ATROPHY_AREA, METROPOLITAN_AREA_YN, COUNT_PAYMENTS)
VALUES (1, '일반공급', NULL, 'y', 'y', 'n', 'y', 24),
       (2, '일반공급', NULL, 'y', 'y', 'n', 'n', 24),
       (3, '일반공급', NULL, 'y', 'n', 'n', 'n', 24),
       (4, '일반공급', NULL, 'y', 'n', 'n', 'y', 24),
       (5, '일반공급', NULL, 'n', 'y', 'n', 'y', 24),
       (6, '일반공급', NULL, 'n', 'y', 'n', 'n', 24),
       (7, '일반공급', NULL, 'n', 'n', 'y', 'y', 1),
       (8, '일반공급', NULL, 'n', 'n', 'y', 'n', 1),
       (9, '일반공급', NULL, 'n', 'n', 'n', 'y', 12),
       (10, '일반공급', NULL, 'n', 'n', 'n', 'n', 6),
       (11, '특별공급', '노부모부양', 'y', 'y', 'n', 'y', 24),
       (12, '특별공급', '노부모부양', 'y', 'y', 'n', 'n', 24),
       (13, '특별공급', '노부모부양', 'y', 'n', 'n', 'y', 24),
       (14, '특별공급', '노부모부양', 'y', 'n', 'n', 'n', 24),
       (15, '특별공급', '노부모부양', 'n', 'y', 'n', 'y', 24),
       (16, '특별공급', '노부모부양', 'n', 'y', 'n', 'n', 24),
       (17, '특별공급', '노부모부양', 'n', 'n', 'y', 'y', 1),
       (18, '특별공급', '노부모부양', 'n', 'n', 'y', 'n', 1),
       (19, '특별공급', '노부모부양', 'n', 'n', 'n', 'y', 12),
       (20, '특별공급', '노부모부양', 'n', 'n', 'n', 'n', 6),
       (21, '특별공급', '생애최초', 'y', 'y', 'n', 'y', 24),
       (22, '특별공급', '생애최초', 'y', 'y', 'n', 'n', 24),
       (23, '특별공급', '생애최초', 'y', 'n', 'n', 'y', 24),
       (24, '특별공급', '생애최초', 'y', 'n', 'n', 'n', 24),
       (25, '특별공급', '생애최초', 'n', 'y', 'n', 'y', 24),
       (26, '특별공급', '생애최초', 'n', 'y', 'n', 'n', 24),
       (27, '특별공급', '생애최초', 'n', 'n', 'y', 'y', 1),
       (28, '특별공급', '생애최초', 'n', 'n', 'y', 'n', 1),
       (29, '특별공급', '생애최초', 'n', 'n', 'n', 'y', 12),
       (30, '특별공급', '생애최초', 'n', 'n', 'n', 'n', 6),
       (31, '특별공급', '신혼부부', 'y', 'y', 'n', 'y', 6),
       (32, '특별공급', '신혼부부', 'y', 'y', 'n', 'n', 6),
       (33, '특별공급', '신혼부부', 'y', 'n', 'n', 'y', 6),
       (34, '특별공급', '신혼부부', 'y', 'n', 'n', 'n', 6),
       (35, '특별공급', '신혼부부', 'n', 'y', 'n', 'y', 6),
       (36, '특별공급', '신혼부부', 'n', 'y', 'n', 'n', 6),
       (37, '특별공급', '신혼부부', 'n', 'n', 'y', 'y', 1),
       (38, '특별공급', '신혼부부', 'n', 'n', 'y', 'n', 1),
       (39, '특별공급', '신혼부부', 'n', 'n', 'n', 'y', 6),
       (40, '특별공급', '신혼부부', 'n', 'n', 'n', 'n', 6),
       (41, '특별공급', '다자녀가구', 'y', 'y', 'n', 'y', 6),
       (42, '특별공급', '다자녀가구', 'y', 'y', 'n', 'n', 6),
       (43, '특별공급', '다자녀가구', 'y', 'n', 'n', 'y', 6),
       (44, '특별공급', '다자녀가구', 'y', 'n', 'n', 'n', 6),
       (45, '특별공급', '다자녀가구', 'n', 'y', 'n', 'y', 6),
       (46, '특별공급', '다자녀가구', 'n', 'y', 'n', 'n', 6),
       (47, '특별공급', '다자녀가구', 'n', 'n', 'y', 'y', 1),
       (48, '특별공급', '다자녀가구', 'n', 'n', 'y', 'n', 1),
       (49, '특별공급', '다자녀가구', 'n', 'n', 'n', 'y', 6),
       (50, '특별공급', '다자녀가구', 'n', 'n', 'n', 'n', 6);

INSERT INTO std_priority_subscription_period (PRIORITY_SUBSCRIPTION_PERIOD_ID, SUPPLY, SPECIAL_SUPPLY,
                                             SPECULATION_OVERHEATED, SUBSCRIPTION_OVERHEATED, ATROPHY_AREA,
                                             METROPOLITAN_AREA_YN, SUBSCRIPTION_PERIOD)
VALUES (1, '일반공급', NULL, 'y', 'y', 'n', 'y', 24),
       (2, '일반공급', NULL, 'y', 'y', 'n', 'y', 24),
       (3, '일반공급', NULL, 'y', 'y', 'n', 'n', 24),
       (4, '일반공급', NULL, 'y', 'n', 'n', 'n', 24),
       (5, '일반공급', NULL, 'y', 'n', 'n', 'y', 24),
       (6, '일반공급', NULL, 'n', 'y', 'n', 'y', 24),
       (7, '일반공급', NULL, 'n', 'n', 'y', 'y', 1),
       (8, '일반공급', NULL, 'n', 'n', 'y', 'n', 1),
       (9, '일반공급', NULL, 'n', 'n', 'n', 'y', 12),
       (10, '일반공급', NULL, 'n', 'n', 'n', 'n', 6),
       (11, '특별공급', '노부모부양', 'y', 'y', 'n', 'y', 24),
       (12, '특별공급', '노부모부양', 'y', 'y', 'n', 'n', 24),
       (13, '특별공급', '노부모부양', 'y', 'n', 'n', 'y', 24),
       (14, '특별공급', '노부모부양', 'y', 'n', 'n', 'n', 24),
       (15, '특별공급', '노부모부양', 'n', 'y', 'n', 'y', 24),
       (16, '특별공급', '노부모부양', 'n', 'y', 'n', 'n', 24),
       (17, '특별공급', '노부모부양', 'n', 'n', 'y', 'y', 1),
       (18, '특별공급', '노부모부양', 'n', 'n', 'y', 'n', 1),
       (19, '특별공급', '노부모부양', 'n', 'n', 'n', 'y', 12),
       (20, '특별공급', '노부모부양', 'n', 'n', 'n', 'n', 6),
       (21, '특별공급', '생애최초', 'y', 'y', 'n', 'y', 24),
       (22, '특별공급', '생애최초', 'y', 'y', 'n', 'n', 24),
       (23, '특별공급', '생애최초', 'y', 'n', 'n', 'y', 24),
       (24, '특별공급', '생애최초', 'y', 'n', 'n', 'n', 24),
       (25, '특별공급', '생애최초', 'n', 'y', 'n', 'y', 24),
       (26, '특별공급', '생애최초', 'n', 'y', 'n', 'n', 24),
       (27, '특별공급', '생애최초', 'n', 'n', 'y', 'y', 1),
       (28, '특별공급', '생애최초', 'n', 'n', 'y', 'n', 1),
       (29, '특별공급', '생애최초', 'n', 'n', 'n', 'y', 12),
       (30, '특별공급', '생애최초', 'n', 'n', 'n', 'n', 6),
       (31, '특별공급', '신혼부부', 'y', 'y', 'n', 'y', 6),
       (32, '특별공급', '신혼부부', 'y', 'y', 'n', 'n', 6),
       (33, '특별공급', '신혼부부', 'y', 'n', 'n', 'y', 6),
       (34, '특별공급', '신혼부부', 'y', 'n', 'n', 'n', 6),
       (35, '특별공급', '신혼부부', 'n', 'y', 'n', 'y', 6),
       (36, '특별공급', '신혼부부', 'n', 'y', 'n', 'n', 6),
       (37, '특별공급', '신혼부부', 'n', 'n', 'y', 'y', 1),
       (38, '특별공급', '신혼부부', 'n', 'n', 'y', 'n', 1),
       (39, '특별공급', '신혼부부', 'n', 'n', 'n', 'y', 6),
       (40, '특별공급', '신혼부부', 'n', 'n', 'n', 'n', 6),
       (41, '특별공급', '다자녀가구', 'y', 'y', 'n', 'y', 6),
       (42, '특별공급', '다자녀가구', 'y', 'y', 'n', 'n', 6),
       (43, '특별공급', '다자녀가구', 'y', 'n', 'n', 'y', 6),
       (44, '특별공급', '다자녀가구', 'y', 'n', 'n', 'n', 6),
       (45, '특별공급', '다자녀가구', 'n', 'y', 'n', 'y', 6),
       (46, '특별공급', '다자녀가구', 'n', 'y', 'n', 'n', 6),
       (47, '특별공급', '다자녀가구', 'n', 'n', 'y', 'y', 1),
       (48, '특별공급', '다자녀가구', 'n', 'n', 'y', 'n', 1),
       (49, '특별공급', '다자녀가구', 'n', 'n', 'n', 'y', 6),
       (50, '특별공급', '다자녀가구', 'n', 'n', 'n', 'n', 6);

INSERT INTO std_priority_deposit(PRIORITY_DEPOSIT_ID, AREA_OVER, AREA_LESS_OR_EQUAL, DEPOSIT_AREA,
                                 DEPOSIT)
VALUES (1, 0, 85, '서울부산', 3000000),
       (2, 0, 85, '기타광역시', 2500000),
       (3, 0, 85, '기타시군', 2000000),
       (4, 85, 102, '서울부산', 6000000),
       (5, 85, 102, '기타광역시', 4000000),
       (6, 85, 102, '기타시군', 3000000),
       (7, 102, 135, '서울부산', 10000000),
       (8, 102, 135, '기타광역시', 7000000),
       (9, 102, 135, '기타시군', 4000000),
       (10, 135, NULL, '서울부산', 15000000),
       (11, 135, NULL, '기타광역시', 10000000),
       (12, 135, NULL, '기타시군', 5000000);

insert into std_bankbook(STD_BANKBOOK_ID, BANKBOOK, NATIONAL_HOUSING_SUPPLY_POSSIBLE,
                          PRIVATE_HOUSING_SUPPLY_IS_POSSIBLE, RESTRICTION_SALE_AREA)
VALUES (1, '주택청약종합저축', 'y', 'y', NULL),
       (2, '청약저축', 'y', 'n', NULL),
       (3, '청약예금', 'n', 'y', NULL),
       (4, '청약부금', 'n', 'y', 85);

INSERT INTO std_property (STD_PROPERTY_ID, PROPERTY, PRICE)
VALUES (1, '건물', 215500000),
       (2, '토지', 215500000),
       (3, '자동차', 34960000);
